Ticker,Name,AZS
 ,Investable Universe (1801),-468.92
,,
ONE CN Equity,01 COMMUNIQUE LABORATORY INC,-71.2147
ISOL US Equity,1MAGE SOFTWARE INC,-45.8482
SPA LN Equity,1SPATIAL PLC,-6.1963
DRWIQ US Equity,3517667 CANADA INC,-9.1884
DDD US Equity,3D SYSTEMS CORP,5.4546
4STVP BB Equity,4 ST SERVICES, 
MLOVE FP Equity,4SERVICE CLOUD TECH AG, 
BARZ US Equity,5BARZ INTERNATIONAL INC,-77.6013
2448602D US Equity,6D GLOBAL TECHNOLOGIES INC,8.31
74SW FP Equity,74SOFTWARE SA,3.454
EGHT US Equity,8X8 INC,16.9871
ATEN US Equity,A10 NETWORKS INC,1.7285
SPERR SS Equity,AB SPERRUNG, 
ABXX CN Equity,ABAXX TECHNOLOGIES IN,-9.7245
ABBY US Equity,ABBY INC, 
ABZT US Equity,ABLAZE TECHNOLOGIES INC, 
ABST CN Equity,ABSOLUTE SOFTWARE CORPORATIO,-0.735
ACIA US Equity,ACACIA COMMUNICATIONS INC,11.4359
AECX US Equity,ACADIA ENERGY CORP, 
ACANB SS Equity,ACANDO AB,7.3251
ACNV US Equity,ACCELERA INNOVATIONS INC, 
AXE CN Equity,ACCELEWARE LTD,-51.4941
ACN US Equity,ACCENTURE PLC-CL A,8.5419
AWWC US Equity,ACCESS WORLDWIDE COMM INC,-6.3362
ACSO LN Equity,ACCESSO TECHNOLOGY GROUP PLC,12.6916
ACCON SS Equity,ACCONEER AB,23.8417
ACIW US Equity,ACI WORLDWIDE INC,5.4844
ACMR US Equity,ACM RESEARCH INC-CLASS A,4.2836
ACFN US Equity,ACORN ENERGY INC, 
EOS FP Equity,ACTEOS,1.1485
MLACT FP Equity,ACTIVIUM GROUP,3.8211
ACT LN Equity,ACTUAL EXPERIENCE PLC,114.6747
ADEA US Equity,ADEIA INC,2.501
ADN1 GR Equity,ADESSO SE, 
ADMCM FH Equity,ADMICOM OYJ, 
ADBE US Equity,ADOBE INC,13.6319
ADTN US Equity,ADTRAN HOLDINGS INC,5.7799
9990711D US Equity,ADTRAN INC, 
ADV GR Equity,ADTRAN NETWORKING SE,2.5323
ABX GR Equity,ADVANCED BLOCKCHAIN AG, 
AMD US Equity,ADVANCED MICRO DEVICES,5.614
APWL US Equity,ADVANCED POWERLINE TECHNOLOG, 
ADVCD US Equity,ADVANT-E CORPORATION,11.7667
ADVE SS Equity,ADVENICA AB,0.9482
AEHR US Equity,AEHR TEST SYSTEMS,1.7258
AGHC US Equity,AEON GLOBAL HEALTH CORP,-4.7791
AERS US Equity,AERIUS INC, 
1918511D US Equity,AEROHIVE NETWORKS INC,-0.3179
AFRN LN Equity,AFERIAN PLC,6.5135
AFFN US Equity,AFFINITY NETWORKS INC, 
AFTM US Equity,AFTERMASTER INC,-113.2759
AGNUQ US Equity,AG&E HOLDINGS INC,-10.3115
AIFS US Equity,AGENT INFORMATION SOFTWARE I, 
AGIL SM Equity,AGILE CONTENT SA,-0.729
AGILC DC Equity,AGILLIC A/S, 
AGYS US Equity,AGILYSYS INC,8.0139
AJX CN Equity,AGJUNCTION INC,0.7756
AIRG US Equity,AIRGAIN INC,10.3378
IQ CN Equity,AIRIQ INC, 
APPS LN Equity,AIRNOW PLC,2.8329
2554116D US Equity,AIRSPAN NETWORKS INC,-6.9705
2371225D US Equity,AIRTOUCH COMMUNICATIONS INC, 
AISX CN Equity,AISIX SOLUTIONS INC, 
AIXIAB SS Equity,AIXIA GROUP AB, 
AIXA GR Equity,AIXTRON SE,6.5462
AKAM US Equity,AKAMAI TECHNOLOGIES INC,4.4203
AKTSQ US Equity,AKOUSTIS TECHNOLOGIES INC,1.3772
NMI GR Equity,ALADDIN HEALTHCARE TECHNOLOG,673.8319
ALAN US Equity,ALANCO TECHNOLOGIES INC, 
ALMY US Equity,ALCHEMY CREATIVE INC, 
ALFA LN Equity,ALFA FINANCIAL SOFTWARE HOLD,21.0732
RIME US Equity,ALGORHYTHM HOLDINGS INC,5.0326
ALW IM Equity,ALGOWATT SPA,-0.4351
ALYA CN Equity,ALITHYA GROUP INC-CLASS A, 
ALJJ US Equity,ALJ REGIONAL HOLDINGS INC/OL,1.4263
A1OS GR Equity,ALL FOR ONE GROUP SE,5.9098
ATMH US Equity,ALL THINGS MOBILE ANALYTIC, 
ADGL US Equity,ALLDIGITAL HOLDINGS INC,-9.9431
ADSV US Equity,ALLIED SECURITY INNOVATIONS,-128.0634
AOSL US Equity,ALPHA & OMEGA SEMICONDUCTOR,1.7656
NPA/H CN Equity,ALPHINAT INC,-52.2618
ALTR US Equity,ALTAIR ENGINEERING INC - A,9.3868
AYX US Equity,ALTERYX INC - CLASS A,6.878
ALC SM Equity,ALTIA CONSULTORES SA,7.1257
ATGN US Equity,ALTIGEN COMMUNICATIONS INC, 
ALT LN Equity,ALTITUDE GROUP PLC,19.5629
TXA GR Equity,AMATECH AG, 
AMBA US Equity,AMBARELLA INC,16.3532
2557527D US Equity,AMBER ROAD INC,-1.7961
DOX US Equity,AMDOCS LTD,7.7076
ADHC US Equity,AMERICAN DIVERSIFIED HOLDING, 
AGIN US Equity,AMERICAN GRAPHITE TECHNOLOGI, 
AMWK US Equity,AMERISTAR NETWORK INC, 
ATVK US Equity,AMERITEK VENTURES,-78.3548
AMJT US Equity,AMJ GLOBAL TECHNOLOGY, 
AMKR US Equity,AMKOR TECHNOLOGY INC,1.7384
AMPG US Equity,AMPLITECH GROUP INC, 
AMS SW Equity,AMS-OSRAM AG,2.5797
ASYS US Equity,AMTECH SYSTEMS INC,2.5582
ALY CN Equity,ANALYTIXINSIGHT INC,16.9488
PLAN US Equity,ANAPLAN INC,9.1784
ANDI US Equity,ANDIAMO CORP, 
ANDR US Equity,ANDREA ELECTRONICS CORP,-84.2474
ALANV FP Equity,ANEVIA SA,1.9869
ANOT SS Equity,ANOTO GROUP AB,-9.7422
ANPL US Equity,ANPULO FOOD DEVELOPMENT INC, 
ANSS US Equity,ANSYS INC,24.2667
ATEX US Equity,ANTERIX INC,18.8733
APPF US Equity,APPFOLIO INC - A,61.6755
APGTQ US Equity,APPGATE INC, 
APPN US Equity,APPIAN CORP-A,10.0619
AAPL US Equity,APPLE INC,3.6057
AMAT US Equity,APPLIED MATERIALS INC,6.6719
AAOI US Equity,APPLIED OPTOELECTRONICS INC,3.1742
ASFT US Equity,APPSOFT TECHNOLOGIES INC,-13.0976
APTR SS Equity,APPSPOTR AB,-0.8797
APPG US Equity,APPTIGO INTERNATIONAL INC,-79.0406
2054374D US Equity,APPYEA INC/SD, 
APTY US Equity,APT SYSTEMS INC, 
XRAY CN Equity,APTERYX IMAGING INC,-8.3089
APTD LN Equity,APTITUDE SOFTWARE GROUP PLC,5.7328
AHCD US Equity,ARCHIVALCD INC, 
ALJXR FP Equity,ARCHOS,1.9166
ARC LN Equity,ARCONTECH GROUP PLC,5.3329
ARGH CN Equity,ARGO CORP, 
ASNT US Equity,ARIAS INTEL CORP, 
ANET US Equity,ARISTA NETWORKS INC,16.5156
ARLO US Equity,ARLO TECHNOLOGIES INC, 
3664 TT Equity,ARRAY INC,2.4548
ARRAF US Equity,ARRIA NLG PLC,-9.5615
ARRS US Equity,ARRIS INTERNATIONAL LTD,2.8283
ARW US Equity,ARROW ELECTRONICS INC,3.7125
A6T GR Equity,ARTEC TECHNOLOGIES AG,12.1995
ARTD US Equity,ARTISTDIRECT INC,-93.8381
TLIK GR Equity,ARZNEIWERK AG VIDA,-60.2823
ASB PW Equity,ASBISC ENTERPRISES PLC,4.5591
ASCN SW Equity,ASCOM HOLDING AG-REG,5.6829
ALLRZ US Equity,ASG TECHNOLOGIES GROUP INC, 
ASGN US Equity,ASGN INC,8.5583
ASML NA Equity,ASML HOLDING NV, 
2061517D US Equity,ASPEN TECHNOLOGY INC,13.8729
ACG1V FH Equity,ASPOCOMP GROUP OYJ,4.5704
APYI US Equity,ASPYRA INC,-18.3644
AMNW US Equity,ASSURANCE GROUP INC, 
ASY FP Equity,ASSYSTEM,1.8905
ATEA US Equity,ASTEA INTL INC,-1.6281
ASTO US Equity,ASTRO COMMUNICATIONS INC, 
ALOT US Equity,ASTRONOVA INC,5.3485
ASUR US Equity,ASURE SOFTWARE INC,-1.9032
ATEA NO Equity,ATEA ASA,5.5341
ATEME FP Equity,ATEME SA,6.2542
1885807D US Equity,ATHENAHEALTH INC,8.9432
ATYG US Equity,ATLAS TECHNOLOGY GROUP INC,-112.9792
2207548D US Equity,ATLASSIAN CORP LTD-CL A, 
ATOM US Equity,ATOMERA INC, 
AOF GR Equity,ATOSS SOFTWARE SE,16.9342
AUB FP Equity,AUBAY,4.7034
AEYE US Equity,AUDIOEYE INC,4.3917
3ITN GR Equity,AUDIUS SE, 
ATS AV Equity,AUSTRIA TECHNOLOGIE & SYSTEM,1.9525
AHRO US Equity,AUTHENTIC HOLDINGS INC, 
AUID US Equity,AUTHID INC, 
AVLR US Equity,AVALARA INC,4.6389
AVYAQ US Equity,AVAYA HOLDINGS CORP,2.1663
AVEN SS Equity,AVENSIA AB,9.8587
AVV LN Equity,AVEVA GROUP LTD,9.4338
AVNW US Equity,AVIAT NETWORKS INC,-4.2959
AVID US Equity,AVID TECHNOLOGY INC,-5.5949
AVSR US Equity,AVISTAR COMMUNICATIONS CORP,-58.4292
AVIX US Equity,AVIX TECHNOLOGIES INC, 
AVT US Equity,AVNET INC,4.3162
AVX US Equity,AVX CORP,7.2796
ACLS US Equity,AXCELIS TECHNOLOGIES INC, 
AXTI US Equity,AXT INC, 
AXTC US Equity,AXTIVE CORP,-53.0538
AIX NO Equity,AYFIE GROUP AS, 
BEC IM Equity,B&C SPEAKERS SPA,6.2403
SCDA US Equity,B-SCADA INC, 
B3 SS Equity,B3 CONSULTING GROUP AB,5.2206
AO9 GR Equity,BACKBONE TECHNOLOGY AG-BR, 
BP/H CN Equity,BACKSTAGEPLAY INC,-71.8971
BUSER SS Equity,BAMBUSER AB, 
BAND US Equity,BANDWIDTH INC-CLASS A,17.4557
BO DC Equity,BANG & OLUFSEN A/S,6.2656
BGO LN Equity,BANGO PLC,13.4006
BRGS US Equity,BARRISTER GLOBAL SVCS NTWK,-3.0557
BSL GR Equity,BASLER AG,9.8328
BSSP US Equity,BASSLINE PRODUCTIONS INC, 
BAS1V FH Equity,BASWARE OY,4.9091
BESI NA Equity,BE SEMICONDUCTOR INDUSTRIES,5.3229
BC8 GR Equity,BECHTLE AG,6.7815
BKS LN Equity,BEEKS FINANCIAL CLOUD GROUP,13.164
BLLI US Equity,BELL INDUSTRIES INC, 
BHE US Equity,BENCHMARK ELECTRONICS INC,3.7556
BNFT US Equity,BENEFITFOCUS INC,1.1508
BSS GR Equity,BETA SYSTEMS SOFTWARE AG,5.0952
BEW CN Equity,BEWHERE HOLDINGS INC,7.4656
BGTK US Equity,BIG TOKEN INC, 
BSGC US Equity,BIGSTRING CORP,-166.1462
MA10 GR Equity,BINECT AG,-28.3939
VISN/H CN Equity,BINOVI TECHNOLOGIES CORP,-105.088
BKYI US Equity,BIO-KEY INTERNATIONAL INC,-5.6007
BRGX US Equity,BIOREGENX INC, 
BIZM US Equity,BIOZOOM INC, 
BTGN US Equity,BITCOIN GENERATION INC, 
BITTI FH Equity,BITTIUM OYJ,6.8778
T0C GR Equity,BITTUBE INTERNATIONAL SE, 
BKTI US Equity,BK TECHNOLOGIES CORP,5.3803
9876577D US Equity,BK TECHNOLOGIES INC, 
BBBT US Equity,BLACK BIRD BIOTECH INC, 
BBOX US Equity,BLACK BOX CORP,2.2697
BKI US Equity,BLACK KNIGHT INC,5.9043
BLKB US Equity,BLACKBAUD INC,5.2482
BB CN Equity,BLACKBERRY LTD,3.7488
BIRD LN Equity,BLACKBIRD PLC,13.6476
BL US Equity,BLACKLINE INC,12.2703
BLN CN Equity,BLACKLINE SAFETY CORP,11.7709
BRTI US Equity,BLACKRIDGE TECHNOLOGY INTERN, 
BLTG LN Equity,BLANCCO TECHNOLOGY GROUP LTD,6.2312
BCDS US Equity,BLAQCLOUDS INC,146.4168
BITK CN Equity,BLOCKCHAINK2 CORP, 
BDRL US Equity,BLONDER TONGUE LABORATORIES,1.1505
PRSM LN Equity,BLUE PRISM GROUP LTD,13.7242
BKSD US Equity,BLUEPRINT TECHNOLOGIES INC, 
BWLK CN Equity,BOARDWALKTECH SOFTWARE CORP, 
BSY GR Equity,BOEWE SYSTEC AG,1.3461
BOGN US Equity,BOGEN COMMUNICATIONS INTL, 
BOGIO SS Equity,BOGIO TECHNOLOGIES AB,13.2777
BAH US Equity,BOOZ ALLEN HAMILTON HOLDINGS,6.7355
BOREF US Equity,BOREALIS EXPLORATION LTD, 
BRRN US Equity,BORN INC, 
EPAY US Equity,BOTTOMLINE TECHNOLOGIES INC/,7.6736
BOUV NO Equity,BOUVET ASA, 
BOX US Equity,BOX INC - CLASS A,0.1252
BOXL US Equity,BOXLIGHT CORP - CLASS A,-1.1765
BPLI CN Equity,BPLI HOLDINGS INC,2.1228
BRAG CN Equity,BRAGG GAMING GROUP INC,1.6742
BRSD LN Equity,BRANDSHIELD SYSTEMS LTD,27.526
BVTK US Equity,BRAVATEK SOLUTIONS INC,-1194.5326
BLIN US Equity,BRIDGELINE DIGITAL INC,-29.9827
BTSR US Equity,BRIGHTSTAR INFORMATION TECH,-52.654
BRIX SS Equity,BRIOX AB,-8.8609
AVGO US Equity,BROADCOM INC,6.3835
BVSN US Equity,BROADVISION INC,-303.0164
BRKO US Equity,BROKE OUT INC,647.8135
2564704D CN Equity,BSM TECHNOLOGIES INC,3.3796
BSQR US Equity,BSQUARE CORP,-1.7364
BTXI US Equity,BTHC X INC, 
BUILD SS Equity,BUILDDATA GROUP AB, 
BIQ AU Equity,BUILDINGIQ INC-CDI,-0.3187
BND FP Equity,BUSINESS & DECISION,1.7914
BZWR US Equity,BUSINESS WARRIOR CORP, 
BYTE GA Equity,BYTE COMPUTER  S.A.,1.4933
CMI CN Equity,C-COM SATELLITE SYSTEMS INC,17.4235
CACI US Equity,CACI INTERNATIONAL INC -CL A,8.3427
CDNS US Equity,CADENCE DESIGN SYS INC,10.9244
CSOC US Equity,CADUCEUS SOFTWARE SYSTEMS CO, 
CAG SS Equity,CAG GROUP AB, 
CNO CN Equity,CALIFORNIA NANOTECHNOLOGIES,-8.3735
CALX US Equity,CALIX INC,-1.2956
CLWA US Equity,CALLWAVE INC,3.1612
CBEX US Equity,CAMBEX CORP,-123.65
CMB LN Equity,CAMBRIA AFRICA PLC,-15.1784
COK GR Equity,CANCOM SE,5.6514
MNIA US Equity,CANNIS INC, 
CTLP US Equity,CANTALOUPE INC,2.4003
CAPC US Equity,CAPSTONE COMPANIES INC,5.8262
CARA NO Equity,CARASENT ASA,2.9144
AUTO CN Equity,CARBEEZA INC,-27.6417
CBLK US Equity,CARBON BLACK INC,1.7847
CBRJ US Equity,CARBON RACE CORP,-1834.7706
CARB US Equity,CARBONITE INC,2.6275
EKG CN Equity,CARDIOCOMM SOLUTIONS INC,-35.7678
CXCQ US Equity,CARDXX INC, 
CCLD US Equity,CARECLOUD INC,4.7553
CSPN CN Equity,CARESPAN HEALTH INC, 
CRVW US Equity,CAREVIEW COMMUNICATIONS INC,-25.7629
CRSM US Equity,CARSMARTT INC, 
CASSQ US Equity,CASA SYSTEMS INC,3.9492
CAS FP Equity,CAST SA,1.8086
CTP LN Equity,CASTLETON TECHNOLOGY PLC,3.9893
CSLT US Equity,CASTLIGHT HEALTH INC-B,0.0725
CTYO US Equity,CATHAYONLINE INC, 
CBIT CN Equity,CATHEDRA BITCOIN INC, 
CBRAIN DC Equity,CBRAIN A/S,28.0618
CDK US Equity,CDK GLOBAL II LLC,6.2449
CDW US Equity,CDW CORP/DE,5.6791
CESF US Equity,CE SOFTWARE INC, 
CEOS US Equity,CECORS INC, 
MLCEC FP Equity,CECURITY.COM,2.7775
CELO US Equity,CEELOX INC, 
CGM FP Equity,CEGEDIM SA,2.5324
CLBS LN Equity,CELEBRUS TECHNOLOGIES PLC,10.492
CLTY US Equity,CELERITY SOLUTIONS INC, 
CLS CN Equity,CELESTICA INC,2.3635
CELL IM Equity,CELLULARLINE SPA, 
CSH GR Equity,CENIT AG,5.938
CGSO US Equity,CENTERGISTIC SOLUTIONS INC,1.4335
CHL IM Equity,CENTRO HL DISTRIBUZIONE SPA,-0.007
CTNK GR Equity,CENTROTHERM INTERNATIONAL AG,0.734
CEK GR Equity,CEOTRONICS AG,2.333
CER LN Equity,CERILLION PLC,4.259
CERN US Equity,CERNER CORP,11.1689
GIB/A CN Equity,CGI INC,8.1848
CCA AU Equity,CHANGE FINANCIAL LTD,-1.5456
CHGT US Equity,CHANGING TECHNOLOGIES INC, 
ECOM US Equity,CHANNELADVISOR CORP,3.345
CRGEQ US Equity,CHARGE ENTERPRISES INC, 
MLCHE FP Equity,CHEOPS TECHNOLOGY, 
CLAD US Equity,CHINA LIAONING DINGXU ECOLOG, 
CMNT US Equity,CHINA MULANS NANO TECHNOLOGY, 
ALCBX FP Equity,CIBOX INTER@CTIVE,5.6037
CMXX US Equity,CIMETRIX INC,-3.335
CRTA LN Equity,CIRATA PLC,20.7644
CTO CN Equity,CIRCA ENTERPRISES INC,5.6039
CIRC IM Equity,CIRCLE SPA, 
CRLI US Equity,CIRCUIT RESEARCH LABS INC,1.5571
CRUS US Equity,CIRRUS LOGIC INC,7.5425
CSCO US Equity,CISCO SYSTEMS INC,3.879
CISN US Equity,CISION LTD,1.6839
CNWT US Equity,CISTERA NETWORKS INC,-65.1329
CTXS US Equity,CITRIX SYSTEMS INC,4.7112
CLAV SS Equity,CLAVISTER HOLDING AB, 
CTEK CN Equity,CLEANTEK INDUSTRIES INC,1.5842
CLFD US Equity,CLEARFIELD INC,23.0105
CLRO US Equity,CLEARONE INC,2.3261
CSYS US Equity,CLEARSTORY SYSTEMS INC,-27.3032
CLRI US Equity,CLEARTRONIC INC, 
CLE SM Equity,CLEVER GLOBAL SA,1.8246
CLCI US Equity,CLIC TECHNOLOGY INC, 
CLIS US Equity,CLICKSTREAM CORP, 
CBUY LN Equity,CLOUDBUY PLC,-11.7325
CALL LN Equity,CLOUDCALL GROUP LTD,0.4588
CLDR US Equity,CLOUDERA INC,1.1694
CLHI US Equity,CLST HOLDINGS INC,-6.3606
CMCOM NA Equity,CM.COM, 
CML LN Equity,CML MICROSYSTEMS PLC,7.6703
CMEY US Equity,CMONEY INC, 
CBRI US Equity,CMTSU LIQUIDATION INC,-0.0653
CDRBQ US Equity,CODE REBEL CORP,32.2988
ALLEC FP Equity,COGELEC, 
CTSH US Equity,COGNIZANT TECH SOLUTIONS-A,10.4977
COHR US Equity,COHERENT CORP,4.6375
2150994D US Equity,COHERENT INC,6.2163
COH FP Equity,COHERIS SA,3.6784
COHU US Equity,COHU INC,5.9884
CLXS US Equity,COLLEXIS HOLDINGS INC, 
1876018D US Equity,COLOR IMAGING INC,3.0099
COLUM DC Equity,COLUMBUS A/S,6.8245
CGUD US Equity,COM-GUARD.COM INC, 
CMRO US Equity,COMARCO INC, 
CMPY US Equity,COMEPAY INC, 
COTN SW Equity,COMET HOLDING AG-REG,5.7233
COMINT SS Equity,COMINTELLI AB, 
CBUIF US Equity,COMMODORE INTL LTD, 
COMM US Equity,COMMSCOPE HOLDING CO INC,3.6923
CSYT US Equity,COMMUNICATION SYNERGY TECHNO, 
CVLT US Equity,COMMVAULT SYSTEMS INC, 
COMAE PL Equity,COMPTA EQUIPAMENTO SERV INFO,0.4701
COP GR Equity,COMPUGROUP MEDICAL SE & CO K, 
CCC LN Equity,COMPUTACENTER PLC,6.0075
CMG CN Equity,COMPUTER MODELLING GROUP LTD,15.319
CSVI US Equity,COMPUTER SERVICES INC,10.1469
COMS US Equity,COMSOVEREIGN HOLDING CORP,-31.9861
CMTL US Equity,COMTECH TELECOMMUNICATIONS,5.5606
SREV US Equity,CONCENTRIX SREV INC,1.7082
CNC LN Equity,CONCURRENT TECHNOLOGIES PLC,11.3991
CNVVP BB Equity,CONGRUENT NV, 
CONN BB Equity,CONNECT GROUP,2.0174
MLCNT FP Equity,CONSORT NT, 
CSU CN Equity,CONSTELLATION SOFTWARE INC,8.6558
CONTX NO Equity,CONTEXTVISION AB, 
CTLR US Equity,CONTINENTAL RESOURCES INC/MA, 
CTRL US Equity,CONTROL4 CORP,14.4812
CTS CN Equity,CONVERGE TECHNOLOGY SOLUTION, 
CVON US Equity,CONVERGEONE HOLDINGS INC,1.97
CRDL LN Equity,CORDEL GROUP PLC,16.0049
CCRD US Equity,CORECARD CORP,18.033
CNS LN Equity,CORERO NETWORK SECURITY PLC,-5.3535
CRTG US Equity,CORETEC GROUP INC/THE, 
CSOD US Equity,CORNERSTONE ONDEMAND INC,3.0768
GLW US Equity,CORNING INC,3.184
CGLO US Equity,CORO GLOBAL INC,-88.226
CBX CN Equity,CORTEX BUSINESS SOLUTIONS IN,-3.064
CPAH US Equity,COUNTERPATH CORP,-1.6502
COUP US Equity,COUPA SOFTWARE INC,6.2516
CPU2 GR Equity,CPU SOFTWAREHOUSE AG,2.6646
CXT US Equity,CRANE NXT CO,5.0299
CRW LN Equity,CRANEWARE PLC,11.9876
CRKM US Equity,CRANK MEDIA INC, 
CRAY US Equity,CRAY INC,3.815
CRAYN NO Equity,CRAYON GROUP HOLDING AS, 
CLXN SW Equity,CREALOGIX HOLDING AG-REG,5.0462
CXDO US Equity,CREXENDO INC,-10.4563
CCS PZ Equity,CROSSWORD CYBERSECURITY PLC,31.5576
LEDCF US Equity,CRS ELECTRONICS INC,-15.779
CFISH SS Equity,CRUNCHFISH AB,3.1927
CSPI US Equity,CSP INC,4.0965
CTAC NA Equity,CTAC NV,5.0481
CTS US Equity,CTS CORP,7.2627
2464209D US Equity,CUBIC CORP,5.3123
CXENSE NO Equity,CXENSE ASA,-1.8572
CYR GR Equity,CYAN AG, 
CYBD US Equity,CYBER DIGITAL INC,-73.3699
CYPJ US Equity,CYBER OPERATIONS INC, 
CYRD US Equity,CYBERECORD INC, 
CKYS US Equity,CYBERKEY SOLUTIONS INC, 
CLOQ US Equity,CYBERLOQ TECHNOLOGIES INC, 
CYRP US Equity,CYBRA CORP,-58.299
CYIO US Equity,CYIOS CORP,-83.463
CTEK US Equity,CYNERGISTEK LLC,4.0099
DBO CN Equity,D-BOX TECHNOLOGIES INC,1.7524
DGIF US Equity,D7 ENTERPRISES INC, 
DJCO US Equity,DAILY JOURNAL CORP,3.1634
DAKT US Equity,DAKTRONICS INC,3.7714
MLDAM FP Equity,DAMARIS, 
DANTB DC Equity,DANTAX A/S-B SHS,8.9517
DSY FP Equity,DASSAULT SYSTEMES SE,9.3438
DCM CN Equity,DATA COMMUNICATIONS MANAGEME,0.2842
DTEV US Equity,DATA EVOLUTION HOLDINGS INC, 
DAIO US Equity,DATA I/O CORP, 
DAM GR Equity,DATA MODUL AG,7.6175
DTST US Equity,DATA STORAGE CORP,-4.3928
ATDS US Equity,DATA443 RISK MITIGATION INC, 
DAC/H CN Equity,DATABLE TECHNOLOGY CORP,-18.4582
D6H GR Equity,DATAGROUP SE,2.6956
DLE ID Equity,DATALEX PLC,9.1991
DLGI US Equity,DATALOGIC INTERNATIONAL INC,1.6108
DAL IM Equity,DATALOGIC SPA,4.5735
DM CN Equity,DATAMETREX AI LTD,-15.6317
DTRK US Equity,DATATRAK INTERNATIONAL INC, 
DVLT US Equity,DATAVAULT AI INC, 
DAY US Equity,DAYFORCE INC,0.9224
DBA IM Equity,DBA GROUP SPA,3.1326
DLAD US Equity,DEALERADVANCE INC, 
DLS CN Equity,DEALNET CAPITAL CORP,0.5063
DRSV US Equity,DEBT RESOLVE INC, 
DECN US Equity,DECISION DIAGNOSTICS CORP,-7.2219
DPSI US Equity,DECISIONPOINT SYSTEMS INC/CA,-2.8655
PITE IM Equity,DEDA SPA,5.4623
DEDAL FP Equity,DEDALUS FRANCE SACA,1.9672
DPFD US Equity,DEEP FIELD TECHNOLOGIES-CL A, 
DFX LN Equity,DEFENX PLC,4.8807
DGMA US Equity,DEGAMA SOFTWARE SOLUTIONS IN, 
DLPX US Equity,DELPHAX TECHNOLOGIES INC,0.6423
DLSC US Equity,DELSECUR CORPORATION, 
DSG CN Equity,DESCARTES SYSTEMS GRP/THE,11.4242
DTRM US Equity,DETERMINE INC,-31.7774
DLPM US Equity,DEVELOPMENT CAPITAL GROUP IN, 
DVT FP Equity,DEVOTEAM SAS,4.3267
DEVPB SS Equity,DEVPORT AB, 
DGB NA Equity,DGB GROUP NV, 
DHH IM Equity,DHH SPA,4.4143
DIAH SS Equity,DIADROM HOLDING AB, 
WIN GR Equity,DIEBOLD NIXDORF AG,3.7263
DIGAF US Equity,DIGATRADE FINANCIAL CORP, 
DGII US Equity,DIGI INTERNATIONAL INC,8.8159
DIGIA FH Equity,DIGIA OYJ,4.2192
DGLT US Equity,DIGILITI MONEY GROUP INC,-6.9819
DMRC US Equity,DIGIMARC CORP,49.2596
9990824D US Equity,DIGITAL ALLY INC/NV, 
DGLY US Equity,DIGITAL ALLY INC/NV,-4.4325
DLOC US Equity,DIGITAL LOCATIONS INC, 
APPS US Equity,DIGITAL TURBINE INC,-7.1767
DGV IM Equity,DIGITAL VALUE SPA, 
DIG IM Equity,DIGITAL360 SPA, 
DGIV US Equity,DIGITCOM INTERACTIVE VIDEO, 
MLDIG FP Equity,DIGITECH, 
DIGI US Equity,DIGITILITI INC, 
DSG LN Equity,DILLISTONE GROUP PLC,3.5238
DIOD US Equity,DIODES INC,4.397
DSCV LN Equity,DISCOVERIE GROUP PLC,3.8728
DSVTF US Equity,DIVESTCO INC - CL A, 
DMHI US Equity,DMH INTERNATIONAL INC, 
DOCU US Equity,DOCUSIGN INC,3.8117
1904997D FP Equity,DOLPHIN INTEGRATION,0.191
DOMO US Equity,DOMO INC - CLASS B,-4.0684
DONE SS Equity,DONE.AI GROUP AB, 
DFIN US Equity,DONNELLEY FINANCIAL SOLUTION,4.6686
DORO SS Equity,DORO AB,4.2631
DVAR US Equity,DOVARRI INC, 
DBX US Equity,DROPBOX INC-CLASS A,5.1731
DROR US Equity,DROR ORTHO-DESIGN INC, 
DSPG US Equity,DSP GROUP INC,4.3719
DUSYF US Equity,DUESENBERG TECHNOLOGIES INC, 
DUOT US Equity,DUOS TECHNOLOGIES GROUP INC,-7.6308
DXC US Equity,DXC TECHNOLOGY CO,2.9006
DXSP PZ Equity,DXS INTERNATIONAL PLC,3.6555
DYSL US Equity,DYNASIL CORP OF AMERICA,3.4366
DNX CN Equity,DYNEX POWER INC,0.2365
DYNE US Equity,DYNTEK INC,-8.1379
DZSIQ US Equity,DZS INC,3.1668
EDIG US Equity,E DIGITAL CORP, 
EBYH US Equity,E-BUY HOME INC, 
EDTA US Equity,E-DATA CORPORATION, 
EMNC US Equity,E-MONEE.COM INC, 
SPOT CN Equity,EARTHLABS INC, 
EATR US Equity,EASTERN ASTERIA INC, 
ESY GR Equity,EASY SOFTWARE AG,3.7061
EBIXQ US Equity,EBIX INC,5.7375
ECK LN Equity,ECKOH PLC,4.3701
ESSI US Equity,ECO SCIENCE SOLUTIONS INC, 
ECGS US Equity,ECO-GROWTH STRATEGIES INC, 
KN1 GR Equity,ECOUNION AG,-17.4364
ECSC LN Equity,ECSC GROUP PLC, 
ECUI US Equity,ECUITY INC, 
EGIL US Equity,EDGETECH INTERNATIONAL INC, 
YFI CN Equity,EDGEWATER WIRELESS SYSTEMS I,-97.5547
EGIOQ US Equity,EDGIO INC,7.4595
EFOT US Equity,EFOTOXPRESS INC, 
EGAN US Equity,EGAIN CORP,-9.6146
EKI FP Equity,EKINOPS,1.8831
ESTC US Equity,ELASTIC NV,16.2296
ELCO US Equity,ELCOM INTERNATIONAL INC,-61.3143
ELCO LN Equity,ELECO PLC,7.7384
ETCIA US Equity,ELECTR TELE-COMMUNCTN, 
ESIO US Equity,ELECTRO SCIENTIFIC INDS INC,8.0212
EOSC US Equity,ELECTRO-OPTICAL SYSTEMS CORP, 
ELST US Equity,ELECTRONIC SYSTEMS TECHNOLOG,26.3589
EFII US Equity,ELECTRONICS FOR IMAGING,3.3902
ECT/H CN Equity,ELLIPSIZ COMMUNICATIONS LTD, 
ELMN SW Equity,ELMA ELECTRONIC AG-REG,4.2711
ELG GR Equity,ELMOS SEMICONDUCTOR SE,4.9971
ELTEL SS Equity,ELTEL AB,1.7848
EVAI US Equity,ELVA INTERNATIONAL INC,-33.2457
EMQU US Equity,EM QUANTUM TECHNOLOGIES INC, 
EMAN US Equity,EMAGIN CORPORATION, 
ALEMK BB Equity,EMAKINA SA, 
EMBA US Equity,EMAMBA INTERNATIONAL CORP, 
EMART SS Equity,EMBEDDEDART GROUP AB,-13.5199
EMKR US Equity,EMCORE CORP,-2.3081
MSN US Equity,EMERSON RADIO CORP,6.3156
EPRA US Equity,EMPORIA INC, 
2231429D US Equity,EMTEC INC,4.6629
ENA CN Equity,ENABLENCE TECHNOLOGIES INC,-54.489
ENALYZ DC Equity,ENALYZER,6.7879
DAVA US Equity,ENDAVA PLC- SPON ADR,19.4445
EDXC US Equity,ENDEXX CORP, 
E2N GR Equity,ENDOR AG, 
ENEA SS Equity,ENEA AB, 
ALNN6 FP Equity,ENENSYS TECHNOLOGIES SA, 
ENERS SS Equity,ENERSIZE OYJ,1.4708
EXR LN Equity,ENGAGE XR HOLDINGS PLC, 
ENGH CN Equity,ENGHOUSE SYSTEMS LTD,12.2648
EGL US Equity,ENGILITY HOLDINGS INC,3.5438
ENHT US Equity,ENHERENT CORP,-21.612
EBWK US Equity,ENIGMA-BULWARK LTD, 
NLTA/H CN Equity,ENLIGHTA INC,-576.9373
ENSU NO Equity,ENSURGE MICROPOWER ASA,0.7058
ENTG US Equity,ENTEGRIS INC,5.2865
EINF US Equity,ENTERPRISE INFORMATICS INC,-54.0858
ETER US Equity,ENTERRA CORP, 
ENTER GA Equity,ENTERSOFT SA SOFTWARE DEVELO, 
1746499D CN Equity,ENTHUSIAST GAMING PROPERTIES, 
ENV US Equity,ENVESTNET INC,4.5607
EXNT US Equity,ENXNET INC, 
EPAZ US Equity,EPAZZ INC, 
EPXY US Equity,EPOXY INC, 
EPSIL GA Equity,EPSILON NET SA,3.4435
EQS FP Equity,EQUASENS,9.8773
EQG CN Equity,EQUBE GAMING LTD,-0.3027
ERFB US Equity,ERF WIRELESS INC, 
ERICB SS Equity,ERICSSON LM-B SHS, 
ESI FP Equity,ESI GROUP,2.9445
ALESK FP Equity,ESKER SA,7.489
2334913D CN Equity,ESPIAL GROUP INC,2.1925
ESK AU Equity,ETHERSTACK PLC-CDI,-8.6798
ETRI NO Equity,ETRINELL AS, 
EUSP LN Equity,EU SUPPLY PLC,-1.587
EUCA GR Equity,EUROMICRON AG,1.928
ETH IM Equity,EUROTECH SPA,4.6375
2222213D US Equity,EV CHARGING USA INC, 
ESCC US Equity,EVANS & SUTHERLAND COMPUTER,0.3386
EVTI US Equity,EVENTURE INTERACTIVE INC, 
EVBG US Equity,EVERBRIDGE INC,4.1857
MRAM US Equity,EVERSPIN TECHNOLOGIES INC, 
ET CN Equity,EVERTZ TECHNOLOGIES LTD,11.1931
EVH US Equity,EVOLENT HEALTH INC - A,6.4955
ALTVO FP Equity,EVOLIS,10.8241
EVRY NO Equity,EVRY AS, 
EVS BB Equity,EVS BROADCAST EQUIPMENT S.A., 
EWLL US Equity,EWELLNESS HEALTHCARE CORP, 
EWRK SS Equity,EWORK GROUP AB,4.3305
EWRC US Equity,EWORLD COS INC, 
XCT CN Equity,EXACTEARTH LTD,-10.6244
XELA US Equity,EXELA TECHNOLOGIES INC,1.6311
EXEO US Equity,EXEO ENTERTAINMENT INC, 
ETIN SS Equity,EXEOTECH INVEST AB, 
EXF CN Equity,EXFO INC,3.4866
EXLS US Equity,EXLSERVICE HOLDINGS INC,6.5953
EXBX US Equity,EXOBOX TECHNOLOGIES CORP,-16161.5959
2157768D US Equity,EXONE CO/THE,1.0182
EXAI IM Equity,EXPERT.AI SPA,0.8764
XPR IM Equity,EXPRIVIA SPA,0.8931
EXTR US Equity,EXTREME NETWORKS INC,0.1946
EOID SS Equity,EYEONID GROUP AB,4.4139
AXCG US Equity,EYES ON THE GO INC,-115.9975
EZEN US Equity,EZENIA! INC,-51.4118
FFIV US Equity,F5 INC,8.6637
FAA GR Equity,FABASOFT AG,7.4184
FAKC US Equity,FACEKEY CORP, 
FACE SM Equity,FACEPHI BIOMETRIA SA,4.6709
FALC US Equity,FALCONSTOR SOFTWARE INC,-14.8962
FFZY US Equity,FANSFRENZY CORP, 
FMHS US Equity,FARMHOUSE INC, 
FASTPC DC Equity,FASTPASSCORP A/S,6.1884
FCGN US Equity,FCG INC, 
FDP LN Equity,FD TECHNOLOGIES PLC,7.4385
FDM LN Equity,FDM GROUP HOLDINGS PLC,27.07
FBCE US Equity,FIBERCORE INC,-1.4583
FDA IM Equity,FIDIA SPA,1.4714
FTC LN Equity,FILTRONIC PLC,3.4671
FINGB SS Equity,FINGERPRINT CARDS AB-B, 
FNSR US Equity,FINISAR CORPORATION,1.5401
FNJN US Equity,FINJAN HOLDINGS INC,14.4095
FTG CN Equity,FIRAN TECHNOLOGY GROUP CORP,3.8512
AIFF US Equity,FIREFLY NEUROSCIENCE INC, 
FGD CN Equity,FIRST GLOBAL DATA LTD,-35.8291
FIT US Equity,FITBIT INC - A,1.861
FIVN US Equity,FIVE9 INC,7.1837
FLEX US Equity,FLEX LTD,2.3232
FLXI US Equity,FLEXIINTERNATIONAL SOFTWARE,-23.813
FLEX BB Equity,FLEXOS SA,4.2575
FLIR US Equity,FLIR SYSTEMS INC,9.4524
FLSP BB Equity,FLOWSPARKS,1.0067
MLFNP FP Equity,FNP TECHNOLOGIES SA, 
TUNE LN Equity,FOCUSRITE PLC,19.4366
FCGY US Equity,FORECASTAGILITY CORPORATION, 
FRXX US Equity,FORECROSS CORPORATION, 
FORA US Equity,FORIAN INC, 
FRMC US Equity,FORMCAP CORP, 
FORM US Equity,FORMFACTOR INC,4.7225
FPIP SS Equity,FORMPIPE SOFTWARE AB,6.6655
FTNT US Equity,FORTINET INC,6.24
FNOX SS Equity,FORTNOX AB,15.289
FRAMB SS Equity,FRAM SKANDINAVIEN AB,88.4821
FPH GR Equity,FRANCOTYP-POSTALIA HOLDING A,2.3511
TLK CN Equity,FRANKLY INC, 
F2M SS Equity,FREE2MOVE HOLDING AB,-1.536
FRGT US Equity,FREIGHT TECHNOLOGIES INC, 
FRLI US Equity,FRELII INC,83.2477
FEIM US Equity,FREQUENCY ELECTRONICS INC,3.8123
LOCL CN Equity,FRESHLOCAL SOLUTIONS INC, 
FDBL US Equity,FRIENDABLE INC,-5224.9271
FTNW US Equity,FTE NETWORKS INC,2.2443
FTI CN Equity,FTI FOODTECH INTL, 
FLNA US Equity,FUELNATION INC, 
FEW GR Equity,FUNKWERK AG,4.819
FUUN US Equity,FUTURENET INC, 
GAEX US Equity,GA EXPRESS INC, 
GAMZ US Equity,GAMZIO MOBILE INC,-531.5947
GAME ID Equity,GAN UK LTD,7.0752
GAPW SS Equity,GAPWAVES AB,24.2845
GRMN US Equity,GARMIN LTD,9.3206
IT US Equity,GARTNER INC,4.7602
GBG LN Equity,GB GROUP PLC,11.4373
GBLT CN Equity,GBLT CORP, 
INW GR Equity,GBS SOFTWARE AG,1.0066
GTCH US Equity,GBT TECHNOLOGIES INC,-7.1374
AMPLUS CY Equity,GD AMPLUS PCL, 
GEA FP Equity,GEA,3.7358
GOSY US Equity,GECKOSYSTEMS INTERNATIONAL, 
GOCH US Equity,GEEKS ON CALL HOLDINGS INC, 
GTO NA Equity,GEMALTO,3.9262
GEN US Equity,GEN DIGITAL INC,2.0597
GNRD US Equity,GENERAL DATACOMM INDUSTRIES, 
GENX FP Equity,GENERIX GROUP,2.4867
GENE SS Equity,GENESIS-IT AB,23.058
GNFI CN Equity,GENIFI INC, 
GSPH US Equity,GEOSPATIAL CORP, 
GETB LN Equity,GETBUSY PLC,1.0729
GIGAQ US Equity,GIGA-TRONICS INC,-4.9595
GGS GR Equity,GIGASET AG,2.8383
GMPW US Equity,GIVEMEPOWER CORP, 
GKS GR Equity,GK SOFTWARE SE,3.44
GLINT PL Equity,GLINTT - GLOBAL INTELLIGENT,2.7804
GDSI US Equity,GLOBAL DIGITAL SOLUTIONS INC, 
DOM SM Equity,GLOBAL DOMINION ACCESS SA,2.3346
GLOBAL SS Equity,GLOBAL GAMING 555 AB, 
GPTX US Equity,GLOBAL PAYMENT TECH INC,-2.6319
GLPT US Equity,GLOBAL PROFIT TECHNOLOGIES I, 
GUHI US Equity,GLOBAL UNICORN HOLDINGS INC, 
GSB US Equity,GLOBALSCAPE INC,4.7427
GLOB US Equity,GLOBANT SA,18.0752
GOPG US Equity,GO-PAGE CORP, 
GOFORE FH Equity,GOFORE OYJ, 
GGSM US Equity,GOLD AND GEMSTONE MINING INC, 
GMGI US Equity,GOLDEN MATRIX GROUP INC, 
ZWBC US Equity,GOLDKEY CORP, 
GOMX SS Equity,GOMSPACE GROUP AB, 
GHH LN Equity,GOOCH & HOUSEGO PLC,6.1085
GMER US Equity,GOOD GAMING INC, 
GPRO US Equity,GOPRO INC-CLASS A,0.7942
LOGM US Equity,GOTO GROUP INC,5.7394
GRYW US Equity,GRAYLING WIRELESS USA INC, 
GREAT SS Equity,GREATER THAN AB,-1.4715
GSTY US Equity,GREEN ST ENERGY INC, 
INKW US Equity,GREENE CONCEPTS INC, 
LAABD US Equity,GREENTECH INNOVATIONS INC, 
GSTN US Equity,GREYSTONE DIGITAL TECHNOLOGY, 
OPN FP Equity,GROUPE OPEN SAS,4.6462
GRWC US Equity,GROW CAPITAL INC,-29.7978
GRYP US Equity,GRYPHON DIGITAL MINING INC, 
GSDT US Equity,GSDT FINTECH GROUP INC, 
GVP US Equity,GSE SYSTEMS INC,2.7181
GSIT US Equity,GSI TECHNOLOGY INC,8.489
GST LN Equity,GSTECHNOLOGIES LTD, 
GTYHU US Equity,GTY TECHNOLOGY HOLDINGS INC/, 
GHGH US Equity,GUANHUA CORP, 
GUESF US Equity,GUESTLOGIX INC,-0.4918
GWRE US Equity,GUIDEWIRE SOFTWARE INC,10.5401
GUI FP Equity,GUILLEMOT CORPORATION,3.7469
GTMM US Equity,GUITAMMER CO/THE, 
SORT US Equity,GUNTHER INTERNATIONAL LTD,-1.5739
HDIH US Equity,H-D INTERNATIONAL HOLDING GR, 
HMM/A CN Equity,HAMMOND MANUFACTURING -CL A,2.8198
HAPPY DC Equity,HAPPY HELPER A/S, 
HLIT US Equity,HARMONIC INC,-9.0543
ALHVS FP Equity,HARVEST FRANCE SAS,7.4102
HAUP US Equity,HAUPPAUGE DIGITAL INC,1.3513
HYDN US Equity,HAYDEN HALL INC,-184.1499
EMOR US Equity,HEALIXA INC, 
HGAT US Equity,HEALTHGATE DATA CORP,-46.8255
HLYK US Equity,HEALTHLYNKED CORP,-20.5813
HTSF US Equity,HEARTSOFT INC, 
HLIX US Equity,HELIX TECHNOLOGIES INC, 
HP CN Equity,HELLO PAL INTERNATIONAL INC,-143.7728
HLOC US Equity,HELO CORP, 
HPE US Equity,HEWLETT PACKARD ENTERPRISE,1.1558
HTRO SS Equity,HEXATRONIC GROUP AB,4.3741
HSTI US Equity,HIGH SIERRA TECHNOLOGIES INC, 
HIQ SS Equity,HIQ INTERNATIONAL AB,11.0051
HDWB SS Equity,HITECH & DEVELOPMENT HOLDING, 
HDT LN Equity,HOLDERS TECHNOLOGY PLC,4.4039
HPNN US Equity,HOP-ON INC, 
HPTO US Equity,HOPTO INC, 
ALHSW FP Equity,HORIZONTAL SOFTWARE SA,-4.3252
HDP US Equity,HORTONWORKS INC,-2.0103
HSW LN Equity,HOSTELWORLD GROUP PLC,22.9834
HITD US Equity,HOUSTON INTERWEB DESIGN INC, 
HOYLU SS Equity,HOYLU AB,-5.2134
KICK US Equity,HPN HOLDINGS INC, 
HUBV US Equity,HUBB VENTURES INC, 
HUBSO SS Equity,HUBSO GROUP AB, 
HUBS US Equity,HUBSPOT INC,6.9079
HMNU US Equity,HUMAN UNITEC INTERNATIONAL, 
HMBL US Equity,HUMBL INC, 
HYSG BB Equity,HYBRID SOFTWARE GROUP PLC,8.717
HPTG US Equity,HYDROPHI TECHNOLOGIES GROUP, 
HYPE DC Equity,HYPEFACTORS A/S, 
HYI GR Equity,HYRICAN INFORMATIONSSYSTEME,2.7128
INX LN Equity,I-NEXUS GLOBAL PLC,2.3971
IWMG US Equity,I-WELLNESS MARKETING GROUP I, 
ALI2S FP Equity,I2S SA,3.477
FAO2 GR Equity,I:FAO AG,74.344
IARB SS Equity,IAR SYSTEMS GROUP AB, 
IBIN US Equity,IBSG INTERNATIONAL INC,2.341
ICFI US Equity,ICF INTERNATIONAL INC,7.0519
ICOA US Equity,ICOA INC, 
IDSY US Equity,ID SYSTEMS INC, 
IDEA LN Equity,IDEAGEN LTD,7.3962
ID CN Equity,IDENTILLECT TECHNOLOGIES COR, 
INVE US Equity,IDENTIV INC,-8.8893
IDEX NO Equity,IDEX BIOMETRICS ASA,63.501
IDOX LN Equity,IDOX PLC,-0.8793
IEC US Equity,IEC ELECTRONICS CORP,1.8485
IEXA US Equity,IEXALT INC, 
IS8 GR Equity,IFA SYSTEMS AG,-2.6954
IFAN US Equity,IFAN FINANCIAL INC, 
IFSH US Equity,IFS INTERNATIONAL HOLDINGS, 
IGE FP Equity,IGE + XAO,8.1991
IGOI US Equity,IGO INC,-18.8347
IJJP US Equity,IJJ CORP, 
ILYDA GA Equity,ILYDA SA,0.4101
IMGX US Equity,IMAGE METRICS INC, 
IMTL US Equity,IMAGE PROTECT INC, 
ISNS US Equity,IMAGE SENSING SYSTEMS INC, 
IMAG US Equity,IMAGEMAX INC,-3.4763
IWSY US Equity,IMAGEWARE SYSTEMS INC,-17.9402
IMGI US Equity,IMAGINON INC, 
IMAX US Equity,IMAX CORP,4.9099
IMJN US Equity,IMERJN INC, 
IMEX/H CN Equity,IMEX SYSTEMS INC, 
IMO LN Equity,IMIMOBILE LTD,5.4068
IMIN/H CN Equity,IMINING TECHNOLOGIES INC,17.4201
IMKI US Equity,IMMEDIATEK INC,2.5964
ALIMR FP Equity,IMMERSION,2.6516
IMMR US Equity,IMMERSION CORPORATION,6.1221
IMTC US Equity,IMOGO MOBILE TECHNOLOGIES CO, 
IMPV US Equity,IMPERVA INC,4.0958
PI US Equity,IMPINJ INC,4.9724
ICP1V FH Equity,INCAP OYJ,4.0094
IPUB US Equity,INDIEPUB ENTERTAINMENT INC,-74.5351
IND LN Equity,INDIGOVISION GROUP PLC,2.3832
INDCT NO Equity,INDUCT AS,-20.0935
IFCN SW Equity,INFICON HOLDING AG-REG,13.5835
IFX GR Equity,INFINEON TECHNOLOGIES AG,4.703
INFN US Equity,INFINERA CORP,1.1933
INFG US Equity,INFINITE GRAPHICS INC, 
IMCI US Equity,INFINITE GROUP INC,-123.2784
MLIFC FP Equity,INFOCLIP, 
INOW US Equity,INFONOW CORPORATION,-7.4041
LYK GA Equity,INFORM P LYKOS HOLDINGS SA,1.0831
INF FP Equity,INFOTEL,6.2491
INFRA SS Equity,INFRACOM GROUP AB,5.6211
IFXY US Equity,INFRAX SYSTEMS INC, 
ING LN Equity,INGENTA PLC,5.0489
INISSB SS Equity,INISSION AB,3.6031
INWK US Equity,INNERWORKINGS INC,3.2948
IFA1V FH Equity,INNOFACTOR OYJ,2.4528
MPEG US Equity,INNOVACOM INC, 
INQR US Equity,INNOVAQOR INC, 
INVC US Equity,INNOVATIVE CARD TECHNOLOGIES, 
2318624D US Equity,INOVALON HOLDINGS INC - A,3.2782
IPHI US Equity,INPHI CORP,2.61
INRD US Equity,INRAD OPTICS INC,0.9298
INSG US Equity,INSEEGO CORP,-4.8561
NSIT US Equity,INSIGHT ENTERPRISES INC,5.1139
ITCC US Equity,INSPRO TECHNOLOGIES CORP,-5.602
ISTC US Equity,INSTRUCTIVISION INC, 
1IN GR Equity,INSTRUCTURE INC,3.3899
IBSS US Equity,INTEGRATED BUSINESS SYSTEMS,-86.7855
IGPK US Equity,INTEGRATED CANNABIS SOLUTION, 
2314485D US Equity,INTEGRATED DATA CORP, 
IDTI US Equity,INTEGRATED DEVICE TECHNOLOGY,7.4412
ISVG US Equity,INTEGRATED SERVICES GROUP IN, 
INTC US Equity,INTEL CORP,4.7161
IDN US Equity,INTELLICHECK INC,-11.7726
4971 TT Equity,INTELLIEPI INC,10.3635
ITLL US Equity,INTELLIGENT CLOUD RESOURCES, 
IHSI US Equity,INTELLIGENT HIGHWAY SOLUTION, 
ILIV US Equity,INTELLIGENT LIVING INC,-58.0762
ALISA PL Equity,INTELLIGENT SENSING ANYWHERE, 
ITLI US Equity,INTELLIGENTIAS INC,-5.2218
INLX US Equity,INTELLINETICS INC, 
ITVI US Equity,INTERACT-TV INC, 
ICCO US Equity,INTERCARE DX INC, 
IGP LN Equity,INTERCEDE GROUP PLC,0.6571
IDCC US Equity,INTERDIGITAL INC,5.3078
LINK US Equity,INTERLINK ELECTRONICS INC,19.1125
IMI US Equity,INTERMOLECULAR INC,0.4372
ICRD US Equity,INTERNATIONAL CARD ESTABLISH,-58.6124
ISHA GR Equity,INTERSHOP COMMUNICATIONS AG, 
ISPD US Equity,INTERSPEED INC, 
ITEC US Equity,INTERTECH SOLUTIONS INC, 
INXN US Equity,INTERXION HOLDING NV,2.1569
INTT US Equity,INTEST CORP,5.5838
IAUS US Equity,INTL AUTOMATED SYSTEMS,-64.1017
IDIG US Equity,INTL DIGITAL HOLDING INC, 
INX CN Equity,INTOUCH INSIGHT LTD,6.7754
IORG US Equity,INTREORG SYSTEMS INC, 
ITC CN Equity,INTRINSYC TECHNOLOGIES CORP,-3.0041
INTZ US Equity,INTRUSION INC, 
INTU US Equity,INTUIT INC,22.6146
INVB US Equity,INVENTABIOTECH INC, 
INVT US Equity,INVENTERGY GLOBAL INC,-1.0265
IVSO SS Equity,INVISIO AB, 
IVX GR Equity,INVISION AG,9.296
IPAS US Equity,IPASS INC, 
IPGP US Equity,IPG PHOTONICS CORP,17.2702
IQE LN Equity,IQE PLC,9.1122
IQG LN Equity,IQGEO GROUP LTD,1.3272
IRNC US Equity,IRONCLAD ENCRYPTION CORP,-666.4983
I5Q1 GR Equity,ISC BUSINESS TECHNOLOGY AG,3.5998
ISGN US Equity,ISIGN SOLUTIONS INC,-630.6634
PAQ3 GR Equity,ISRA VISION PARSYTEC AG, 
ALITL FP Equity,IT LINK SA,2.5128
ITERA NO Equity,ITERA ASA,7.9496
ITE FP Equity,ITESOFT,2.4839
IVI CN Equity,IVRNET INC,-9.3088
IVU GR Equity,IVU TRAFFIC TECHNOLOGIES AG,5.2736
IZNN US Equity,IZON NETWORK INC, 
JBL US Equity,JABIL INC,2.5739
JJ CN Equity,JACKPOT DIGITAL INC,-27.2621
JCDS US Equity,JC DATA SOLUTIONS INC, 
JEN GR Equity,JENOPTIK AG,5.147
JGHG US Equity,JINZISHENG HOLDING GROUP, 
JLT SS Equity,JLT MOBILE COMPUTERS AB,5.2223
JDT SS Equity,JONDETECH SENSORS AB, 
2445545D US Equity,JUNIPER GROUP INC,-109.8687
JNPR US Equity,JUNIPER NETWORKS INC,2.3184
IDGR US Equity,JZZ TECHNOLOGIES INC, 
KBT LN Equity,K3 BUSINESS TECHNOLOGY GROUP,4.1902
KNOS LN Equity,KAINOS GROUP PLC,11.6037
KLR US Equity,KALEYRA INC, 
KALO US Equity,KALLO INC, 
ALKAL FP Equity,KALRAY SADIR, 
KTCG AV Equity,KAPSCH TRAFFICCOM AG, 
FUND/H CN Equity,KATIPULT TECHNOLOGY CORP,13.6233
KBR US Equity,KBR INC,3.1825
KEBNIB SS Equity,KEBNI AB, 
KENH SS Equity,KENTIMA HOLDING AB,6.6492
KTCC US Equity,KEY TRONIC CORP,3.333
ALKEY FP Equity,KEYRUS,2.2737
KEYW US Equity,KEYW HOLDING CORP/THE,3.0904
KEYW BB Equity,KEYWARE TECHNOLOGIES-REGR,3.0419
KWS LN Equity,KEYWORDS STUDIOS PLC,11.709
KCT LN Equity,KIN AND CARTA HOLDCO LTD,1.0364
KXS CN Equity,KINAXIS INC,12.8059
KIT NO Equity,KITRON ASA,3.3992
KIWB US Equity,KIWIBOX.COM INC,-743.7478
KLAC US Equity,KLA CORP,5.1038
KLAPPB IR Equity,KLAPPIR GRAENAR LAUSNIR HF-B,9.9251
KLGG US Equity,KLEGG ELECTRONICS INC, 
KLICB SS Equity,KLICK DATA AB - B SHARE,2.7528
ALSIM FP Equity,KLIMVEST PLC,2.2231
KNOW SS Equity,KNOW IT AB,8.0818
KN US Equity,KNOWLES CORP,3.5717
KOMP AV Equity,KOMPLI HOLDINGS PLC, 
KTN GR Equity,KONTRON AG,5.0374
KOPN US Equity,KOPIN CORP,2.9022
KOSS US Equity,KOSS CORP,4.3634
KSC GR Equity,KPS AG,5.8612
KMK LN Equity,KROMEK GROUP PLC,4.3515
KUD SW Equity,KUDELSKI SA-BR,1.6834
KULR US Equity,KULR TECHNOLOGY GROUP INC,137.499
KUR/H CN Equity,KURE TECHNOLOGIES INC,-107.7179
LTX CN Equity,LABRADOR RESOURCES INC,-104.7651
LBWR US Equity,LABWIRE INC, 
LAGRB SS Equity,LAGERCRANTZ GROUP AB-B SHS, 
LRCX US Equity,LAM RESEARCH CORP,6.7976
LTRX US Equity,LANTRONIX INC,0.1213
LSCC US Equity,LATTICE SEMICONDUCTOR CORP,1.639
LAVOME NO Equity,LAVO.TV AS, 
LTG LN Equity,LEARNING TECHNOLOGIES GROUP,3.581
LCRE US Equity,LECERE CORP, 
LSS FP Equity,LECTRA,6.4104
LDOS US Equity,LEIDOS HOLDINGS INC,5.207
LTV CN Equity,LEONOVUS INC, 
LVLV US Equity,LEVEL VISION ELECTRONICS LTD, 
ALLEX FP Equity,LEXIBOOK LINGUISTIC ELECTRON,0.8261
LTCP US Equity,LIFE'S TIME CAPSULE SERVICES, 
LGTT US Equity,LIGATT SECURITY INTERNATIONA, 
LMGR US Equity,LIGHT MANAGEMENT GROUP INC,-57.889
LIGR SS Equity,LIGHTNING GROUP AB, 
LPTH US Equity,LIGHTPATH TECHNOLOGIES INC-A,-4.3231
LGTS US Equity,LIGHTSPACE CORP,-43.0893
LIME SS Equity,LIME TECHNOLOGIES AB, 
LIN FP Equity,LINEDATA SERVICES,3.5149
LNKG US Equity,LINK GROUP INC/THE, 
LLNXF US Equity,LINK LINUX INC, 
LGIN US Equity,LIONSGATE INS, 
LIQDQ US Equity,LIQUID HOLDINGS GROUP INC,18.2919
LSKA US Equity,LISKA BIOMETRY INC, 
LTE CN Equity,LITE ACCESS TECHNOLOGIES INC,45.5416
LITI SS Equity,LITIUM AB,3.9473
LMSC US Equity,LIVE MICROSYSTEMS INC,-60.9391
LICH US Equity,LIVECHAIN INC, 
LPSN US Equity,LIVEPERSON INC,8.6411
MLLOI FP Equity,LOCASYSTEM INTERNATIONAL, 
ALLOG FP Equity,LOGIC INSTRUMENT,2.9503
LGTY US Equity,LOGILITY SUPPLY CHAIN SOLUTI,6.9802
LGIQ US Equity,LOGIQ INC,155.7345
LOGISMOS GA Equity,LOGISMOS INFORMATION SYSTEMS,0.575
LOGN SW Equity,LOGITECH INTERNATIONAL-REG,8.2257
LOOP LN Equity,LOOPUP GROUP LTD,5.5551
DTK MV Equity,LOQUS HOLDINGS PLC,-2.7306
LTEC US Equity,LOUD TECHNOLOGIES INC,0.7967
LSX GR Equity,LS TELCOM AG,2.7618
LTWC US Equity,LTWC CORP,-64.1598
LITE US Equity,LUMENTUM HOLDINGS INC,5.7669
LXFT US Equity,LUXOFT HOLDING INC,11.9096
LVPA US Equity,LVPAI GROUP LTD, 
VNCI US Equity,LYYNKS INC, 
MUS GR Equity,M+S ELEKTRONIK AG, 
LMSMF US Equity,MACLOS CAPITAL INC, 
MTSI US Equity,MACOM TECHNOLOGY SOLUTIONS H,1.0966
MCZAF US Equity,MAD CATZ INTERACTIVE INC,-1.696
MLMGL FP Equity,MAGILLEM DESIGN SERVICES, 
MJCO US Equity,MAJESCO,5.0461
MDDD US Equity,MAKISM 3D CORP,2.3314
MAMS US Equity,MAM SOFTWARE GROUP INC,7.677
AVNY US Equity,MANARIS 2010 CORP,-3.4415
MNDT US Equity,MANDIANT INC,-0.5422
MANH US Equity,MANHATTAN ASSOCIATES INC,19.971
MANT US Equity,MANTECH INTERNATIONAL CORP-A,10.7291
MPTH/H CN Equity,MAPATH CAPITAL CORP,-20.2563
MAPT US Equity,MAPTELLIGENT INC, 
MTLO CN Equity,MARTELLO TECHNOLOGIES GROUP,15.6074
AQ US Equity,MARVELL AQUANTIA US INC,12.21
9995577D US Equity,MARVELL TECHNOLOGY GROUP LTD,10.85
MRVL US Equity,MARVELL TECHNOLOGY INC,5.5982
MGLD US Equity,MARYGOLD COMPANIES INC/THE,6.2984
MHH US Equity,MASTECH DIGITAL INC,6.9502
EFECTE FH Equity,MATRIX42 OY, 
MAXR US Equity,MAXAR TECHNOLOGIES INC,0.5437
9991111D CN Equity,MAXAR TECHNOLOGIES LTD, 
MXIM US Equity,MAXIM INTEGRATED PRODUCTS,6.3491
MMS US Equity,MAXIMUS INC,11.8302
MXL US Equity,MAXLINEAR INC,3.8484
MCLD/H CN Equity,MCLOUD TECHNOLOGIES CORP, 
MCCX US Equity,MCX TECHNOLOGIES CORP,3.1648
MDWK US Equity,MDWERKS INC, 
MDEA US Equity,MEDIA 100 INC,-48.4882
MLLAB FP Equity,MEDIA LAB SPA, 
MDGC US Equity,MEDIAG3 INC, 
ALMDT FP Equity,MEDIAN TECHNOLOGIES,4.0107
MEDT US Equity,MEDIATECHNICS CORP, 
MVP CN Equity,MEDIAVALET INC,-36.4553
MIHI US Equity,MEDICAL INNOVATION HOLDINGS, 
MDN GR Equity,MEDION AG,4.1299
MDXL US Equity,MEDIXALL GROUP INC, 
MELE BB Equity,MELEXIS NV,22.9306
MLTR SS Equity,MELTRON AB,-20.8576
MEMS FP Equity,MEMSCAP SA,3.4146
MUM GR Equity,MENSCH UND MASCHINE SOFTWARE,9.1123
MENUB SS Equity,MENUPAY-B AB, 
MHRE US Equity,MESA HOME RESOURCES INC, 
MESH PZ Equity,MESH HOLDINGS PLC, 
MPIN US Equity,MESSAGE PROCESSING INTL INC, 
MTPR US Equity,METAPOWER INTERNATIONAL INC, 
M3V GR Equity,MEVIS MEDICAL SOLUTIONS AG,9.2182
ALMDG FP Equity,MGI DIGITAL GRAPHIC TECHNOLO,11.7117
MGTI US Equity,MGT CAPITAL INVESTMENTS INC,-159.328
MCRO LN Equity,MICRO FOCUS INTERNATIONAL, 
MSABB SS Equity,MICRO SYSTEMATION AB-B,12.7511
MCRT US Equity,MICROART INC, 
MCHP US Equity,MICROCHIP TECHNOLOGY INC,3.1162
MU US Equity,MICRON TECHNOLOGY INC,5.7233
MPAD US Equity,MICROPAC INDUSTRIES INC,9.6039
ALMIC FP Equity,MICROPOLE,1.8162
MSFT US Equity,MICROSOFT CORP,4.8991
MSTR US Equity,MICROSTRATEGY INC-CL A,5.7803
MVIS US Equity,MICROVISION INC,-23.3371
MIDS US Equity,MIDASTRADE.COM, 
MIDW LN Equity,MIDWICH GROUP PLC,5.3428
MIME US Equity,MIMECAST LTD,4.6828
MIM CN Equity,MIMEDIA HOLDINGS INC, 
MINM US Equity,MINIM INC,0.9074
MITK US Equity,MITEK SYSTEMS INC,5.5426
MITI US Equity,MITESCO INC, 
MKSI US Equity,MKS INC,7.4868
MLS GA Equity,MLS INNOVATION INC,3.4552
MTBLY US Equity,MOATABLE INC,-1.1673
2054244D US Equity,MOBETIZE CORP, 
MBST US Equity,MOBILE STAR CORP/THE, 
MBT LN Equity,MOBILE TORNADO GROUP PLC,-23.5571
MOBL US Equity,MOBILEIRON INC,0.1497
MBO CN Equity,MOBIO TECHNOLOGIES INC,-34.1613
MPLUS SS Equity,MOBIPLUS AB,2.7547
MBLV US Equity,MOBIVENTURES INC,-53.5925
MBQ GR Equity,MOBOTIX AG,4.1734
MODN US Equity,MODEL N INC,0.4302
MDB US Equity,MONGODB INC,4.8982
MPWR US Equity,MONOLITHIC POWER SYSTEMS INC,23.1593
TYPE US Equity,MONOTYPE IMAGING HOLDINGS IN,6.5223
MONSMN SW Equity,MONTENA SA, 
MMCCQ US Equity,MOOD MEDIA CORP, 
MODI SS Equity,MOTION DISPLAY SCANDINAVIA A,2.8492
MSI US Equity,MOTOROLA SOLUTIONS INC,3.349
MVNT US Equity,MOVEMENT IND CORP, 
XDSL US Equity,MPHASE TECHNOLOGIES INC,-286114.4232
MPM LN Equity,MPORIUM GROUP PLC,12.0522
MSGL GR Equity,MSG LIFE AG,4.4899
MTECU US Equity,MTECH ACQUISITION CORP, 
MLMNT FP Equity,MULANN,1.7777
MMTS US Equity,MULTI-MEDIA TUTORIAL SVCS, 
MMPWQ US Equity,MULTIMEDIA PLATFORMS INC,-98.326
MULQ SS Equity,MULTIQ INTERNATIONAL AB,0.159
C1V GR Equity,MVISE AG,0.9759
MYCT US Equity,MYCONTACTCARD INC, 
MYCR SS Equity,MYCRONIC AB, 
MYGG US Equity,MYGO GAMES HOLDING CO, 
M0YN GR Equity,MYNARIC AGNAMENS AKTIEN O N, 
MZPS US Equity,MYZIPSOFT INC, 
N4G GR Equity,NAGA GROUP AG/THE, 
CTZ CN Equity,NAMSYS INC,20.0314
NMGX US Equity,NANO MAGIC INC,-1.7412
NHIQ US Equity,NANTHEALTH INC,-8.9938
NAPA NO Equity,NAPATECH A/S,-6.1609
NAPS LN Equity,NAPSTER GROUP PLC,91.173
NMRP PZ Equity,NATIONAL MILK RECORDS LTD,4.8622
NWUC US Equity,NATIONWIDE UTILITIES CORP, 
NCAB SS Equity,NCAB GROUP AB, 
NCC LN Equity,NCC GROUP PLC,4.4874
VYX US Equity,NCR VOYIX CORP,2.4445
NEDAP NA Equity,NEDAP N.V.,5.1755
NKTN LN Equity,NEKTAN PLC,-15.9381
NEM GR Equity,NEMETSCHEK SE,13.6062
NMGC US Equity,NEOMAGIC CORP,-288
NEOM US Equity,NEOMEDIA TECHNOLOGIES INC,-923.6683
NEON US Equity,NEONODE INC,-23.5022
NPTN US Equity,NEOPHOTONICS CORP,0.5518
NEPA SS Equity,NEPA AB,8.3163
NDA CN Equity,NEPTUNE DIGITAL ASSETS CORP, 
VRL GR Equity,NET DIGITAL AG,1483.2257
NETIB SS Equity,NET INSIGHT AB-B,3.603
NSAV US Equity,NET SAVINGS LINK INC, 
NET1 NO Equity,NET1 INTERNATIONAL HOLDINGS, 
NTLP PZ Equity,NETALOGUE TECHNOLOGIES PLC,5.4867
NTAP US Equity,NETAPP INC,3.4924
NET LN Equity,NETCALL PLC,4.4697
NETC DC Equity,NETCOMPANY GROUP AS,9.7306
NETB SS Equity,NETENT AB,16.2086
NTX SM Equity,NETEX KNOWLEDGE FACTORY SA,0.387
NTGR US Equity,NETGEAR INC,3.9
NETIN CY Equity,NETINFO PLC,1.7357
NLST US Equity,NETLIST INC,-13.7589
NETO US Equity,NETOBJECTS INC, 
NTCT US Equity,NETSCOUT SYSTEMS INC,3.0019
NTWK US Equity,NETSOL TECHNOLOGIES INC,3.056
NTIP US Equity,NETWORK-1 TECHNOLOGIES INC,19.4575
NRO FP Equity,NEURONES,6.0513
NRST IM Equity,NEUROSOFT,8.192
NIHL US Equity,NEW INFINITY HOLDINGS LTD, 
NEWR US Equity,NEW RELIC INC,5.7489
NEWAY NA Equity,NEWAYS ELECTRONIC INTL NV,3.9058
NWWTF US Equity,NEWNOTE FINANCIAL CORP, 
NGH/H CN Equity,NEXIA HEALTH TECHNOLOGIES IN, 
NXJ CN Equity,NEXJ SYSTEMS INC,-2.0954
NXPS US Equity,NEXPRISE INC,-237.9845
NXR GR Equity,NEXR TECHNOLOGIES SE,-15.2632
NEXT NO Equity,NEXT BIOMETRICS GROUP AS,20.22
NXGA US Equity,NEXT GALAXY CORP, 
NXGT US Equity,NEXTELIGENT HOLDINGS INC, 
NXGN US Equity,NEXTGEN HEALTHCARE INC,7.6139
NXPL US Equity,NEXTPLAT CORP, 
NXU GR Equity,NEXUS AG,8.3071
NXGIF US Equity,NEXUS GROUP INTERNATIONAL,-10.1187
NFSE US Equity,NFINANSE INC, 
NFO SS Equity,NFO DRIVES AB,9.2449
NFN GR Equity,NFON AG, 
NHCMF US Equity,NHC COMMUNICATIONS INC, 
EGOV US Equity,NIC INC,8.4403
NIIN GR Equity,NIIIO FINANCE GROUP AG, 
AM3D GR Equity,NIKON SLM SOLUTIONS AG,3.6056
NIXU FH Equity,NIXU OY,5.1949
NIR/H CN Equity,NOBLE IRON INC, 
NOKIA FH Equity,NOKIA OYJ,1.5116
NC5A GR Equity,NORCOM INFORMATION TECHNOLOG,7.6471
NORDID FH Equity,NORDIC ID OYJ, 
NOD NO Equity,NORDIC SEMICONDUCTOR ASA,16.9661
NADA US Equity,NORTH AMERICAN DATACOM INC, 
NNWS US Equity,NORTHPORT NETWORK SYSTEMS, 
NTFY US Equity,NOTIFY TECHNOLOGY CORP,-7.1279
NBA PL Equity,NOVABASE SGPS SA,2.0494
NTEKB SS Equity,NOVOTEK AB-B SHS,7.4561
NVI CN Equity,NOVRA TECHNOLOGIES INC,0.1464
NOW CN Equity,NOWVERTICAL GROUP INC, 
NPG SM Equity,NPG TECHNOLOGY SA,0.414
NSEO US Equity,NS8 CORP,-79.5137
NCI CN Equity,NTG CLARITY NETWORKS INC,-0.935
NSHJ US Equity,NU STAR HOLDINGS INC, 
NUAN US Equity,NUANCE COMMUNICATIONS INC,1.575
NUC GR Equity,NUCLETRON ELECTRONIC AG,6.1835
NTNX US Equity,NUTANIX INC - A,3.0218
NVEC US Equity,NVE CORP,221.6256
NVDA US Equity,NVIDIA CORP,21.6814
NXCN US Equity,NXCHAIN INC,-40.8334
NXPI US Equity,NXP SEMICONDUCTORS NV,3.8924
NYXO US Equity,NYXIO TECHNOLOGIES CORP, 
OTED US Equity,OAK TREE EDUCATIONAL PARTNER,3.9069
OGES US Equity,OAKRIDGE GLOBAL ENERGY SOLUT, 
OBDUB SS Equity,OBDUCAT AB-B SHS,-23.9719
OBLG US Equity,OBLONG INC,-40.1424
ALOCA FP Equity,OCEASOFT, 
OVTZ US Equity,OCULUS INC,-1650.5975
OIDN US Equity,OIDON CO LTD, 
OJSY US Equity,OJSYS INC, 
OLB US Equity,OLB GROUP INC, 
OLEE LN Equity,OLEEO LTD,6.2788
OLI IM Equity,OLIDATA SPA, 
OMHI US Equity,OM HOLDINGS INTERNATIONAL I, 
OMNI SS Equity,OMNICAR HOLDING AB,3.3056
OMCM US Equity,OMNICOMM SYSTEMS INC,-7.5523
ONCI US Equity,ON4 COMMUNICATIONS INC, 
OSS US Equity,ONE STOP SYSTEMS INC, 
OLMM US Equity,ONELIFE TECHNOLOGIES CORP, 
OMN AU Equity,ONEMARKET LTD, 
ONEI US Equity,ONEMETA INC, 
OSCN US Equity,ONESCREEN INC, 
OSS CN Equity,ONESOFT SOLUTIONS INC,2.2175
OSPN US Equity,ONESPAN INC,8.4353
ONE AU Equity,ONEVIEW HEALTHCARE PLC-CDI,0.8727
ONLI US Equity,ONLINE-REDEFINED INC, 
MLONL FP Equity,ONLINEFORMAPRO,17.7247
ONSM US Equity,ONSTREAM MEDIA CORP,-67.4996
ONTO US Equity,ONTO INNOVATION INC,11.4561
OOOO/H CN Equity,OOOOO ENTERTAINMENT COMMERCE, 
OTEX CN Equity,OPEN TEXT CORP,4.3487
OPS CN Equity,OPSENS INC,8.369
OCC US Equity,OPTICAL CABLE CORP,4.6571
OPLF US Equity,OPTILEAF INC, 
OPT SS Equity,OPTIMOBILE AB, 
OPTL US Equity,OPTIMUM INTERACTIVE (USA), 
OPT CN Equity,OPTIVA INC,-5.95
ORCL US Equity,ORACLE CORP,3.2046
ORHK US Equity,ORANGEHOOK INC, 
ORBC US Equity,ORBCOMM INC,1.9044
OBS GR Equity,ORBIS AG,4.3101
ORDI NA Equity,ORDINA NV,4.7818
ALORD FP Equity,ORDISSIMO SA, 
OGNT US Equity,ORGANA TECHNOLOGIES GROUP IN, 
ORHB US Equity,ORHUB INC, 
ORIGO IR Equity,ORIGO HF,5.8154
OSI LN Equity,OSIRIUM TECHNOLOGIES PLC,7.4772
OTAQ LN Equity,OTAQ PLC, 
OTEC NO Equity,OTELLO CORP ASA,10.0414
TR9 GR Equity,OTRS AG,4.1312
OURLIV SS Equity,OURLIVING AB,3.259
ALOXA FP Equity,OXATIS SACA, 
OMG LN Equity,OXFORD METRICS PLC,8.4132
PFSF US Equity,PACIFIC SOFTWARE INC, 
MLPAC FP Equity,PACTE NOVATION,3.9483
PAE US Equity,PAE INC, 
PANW US Equity,PALO ALTO NETWORKS INC,2.9468
ICP GR Equity,PANAMAX AG,-12.7914
PANVP BB Equity,PANTECH - AUC, 
PCPJ US Equity,PAPERCLIP INC, 
PAR US Equity,PAR TECHNOLOGY CORP/DEL,7.1506
4966 TT Equity,PARADE TECHNOLOGIES LTD,15.1034
PSYS US Equity,PARADIGM SYSTEM SOLUTIONS IN, 
PGN GR Equity,PARAGON GMBH & CO KGAA,2.6895
PID FP Equity,PARAGON ID, 
TEUM US Equity,PARETEUM CORP,3.4516
PRKR US Equity,PARKERVISION INC,-413.7039
PASO US Equity,PATIENT ACCESS SOLUTIONS INC, 
PPRG US Equity,PATIENT PORTAL TECHNOLOGIES,0.4635
PAYC US Equity,PAYCOM SOFTWARE INC,6.0103
PCTY US Equity,PAYLOCITY HOLDING CORP,2.5104
PBHG US Equity,PBS HOLDING INC, 
PCSV US Equity,PCS EDVENTURES!.COM INC,-84.4121
PCTI US Equity,PCTEL INC,5.3959
PDFS US Equity,PDF SOLUTIONS INC,7.4575
PTOP US Equity,PEER TO PEER NETWORK,-25647.4027
PGGG US Equity,PEGASUS GAMING CORP, 
PEGA US Equity,PEGASYSTEMS INC,10.847
PTRO LN Equity,PELATRO LTD, 
PENG US Equity,PENGUIN SOLUTIONS INC,4.7079
PEN LN Equity,PENNANT INTL GROUP PLC,8.9609
PLWY US Equity,PEOPLES WAY.COM INC, 
PRSO US Equity,PERASO INC,-32.2965
PRFT US Equity,PERFICIENT INC,7.858
PERF GA Equity,PERFOMANCE TECHNOLOGIES IT,3.184
PRSP US Equity,PERSPECTA INC, 
PFSW US Equity,PFSWEB INC,2.7785
PXPP US Equity,PHOENIX APPS INC, 
PHO CN Equity,PHOTON CONTROL INC,14.1054
PLAB US Equity,PHOTRONICS INC,3.3036
PHUN US Equity,PHUNWARE INC, 
PGFY US Equity,PINGIFY INTERNATIONAL INC, 
PNG GR Equity,PIRONET NDH AG,8.9744
PBI US Equity,PITNEY BOWES INC,3.4364
PTG CN Equity,PIVOT TECHNOLOGY SOLUTIONS I,3.8122
PVTL US Equity,PIVOTAL SOFTWARE INC - CL A,6.5546
PXLW US Equity,PIXELWORKS INC,-6.0977
P4O GR Equity,PLAN OPTIK AG,3.7422
PNTC US Equity,PLANET AMERICA INC, 
POLY US Equity,PLANTRONICS INC,2.2066
AGS US Equity,PLAYAGS INC,1.7997
PLEK GR Equity,PLENUM AG,4.973
PLXS US Equity,PLEXUS CORP,4.0599
PS US Equity,PLURALSIGHT INC - A,11.4408
MANY US Equity,PLURES TECHNOLOGIES INC,-5.5899
PLYZ US Equity,PLYZER TECHNOLOGIES INC, 
PPMH US Equity,POINT TO POINT METHODICS INC, 
PIHN US Equity,POLARIS INTERNATIONAL HOLDIN, 
PBIT CN Equity,POSABIT SYSTEMS CORP, 
1874701D CN Equity,POSERA LTD,-3.0528
PSID US Equity,POSITIVEID CORP,-582.0089
POI/H CN Equity,POUNCE TECHNOLOGIES INC,-175.6142
POWI US Equity,POWER INTEGRATIONS INC,18.2997
PWS IM Equity,POWERSOFT SPA, 
PSTO US Equity,POWERSTORM HOLDINGS INC, 
PRCOB SS Equity,PRECIO FISHBONE AB,8.1005
PREC SS Equity,PRECISE BIOMETRICS AB, 
PAI/H CN Equity,PREDICTIV AI INC,-11.4498
PMPG US Equity,PREMIER PRODUCTS GROUP INC, 
PSDO US Equity,PRESIDIO INC,2.9287
PRICB SS Equity,PRICER AB-B SHS, 
PMSO US Equity,PRIMAL SOLUTIONS INC,-18.0848
PCYS US Equity,PRIMECARE SYSTEMS INC, 
PRNI US Equity,PRINTRON INC, 
PSWR US Equity,PRISM SOFTWARE CORP,-73.9907
PMOZ US Equity,PRISMONE GROUP INC, 
PDA0 GR Equity,PRO DV AG,-0.1386
PACT SS Equity,PROACT IT GROUP AB, 
PHD LN Equity,PROACTIS HOLDINGS LTD,1.5572
PROAC FP Equity,PROACTIS SA,-1.1955
PROF GA Equity,PROFILE SYSTEMS & SOFTWARE S,1.7704
PRGS US Equity,PROGRESS SOFTWARE CORP,6.7899
PRLO US Equity,PROLOGIC MANAGEMENT SYSTEMS,-188479.1634
ALPRG FP Equity,PROLOGUE - REG,1.8202
PB SS Equity,PROMIKBOOK AB,5.8286
PFPT US Equity,PROOFPOINT INC,4.2703
PRO US Equity,PROS HOLDINGS INC,1.8002
MAPS CN Equity,PROSTAR HOLDINGS INC, 
TXTM US Equity,PROTEXT MOBILITY INC, 
PROVIT SS Equity,PROVIDE IT SWEDEN AB, 
PROXQ US Equity,PROXIM CORP-CL A,-22.0898
PRXM US Equity,PROXIM WIRELESS CORP,-5.9697
PSAN GR Equity,PSI SOFTWARE SE,3.8038
PTC US Equity,PTC INC,5.7205
PTSH US Equity,PTS INC,-587.7488
PUGE US Equity,PUGET TECHNOLOGIES INC, 
PLFX US Equity,PULSE EVOLUTION CORP, 
PSTG US Equity,PURE STORAGE INC - CLASS A,2.9913
TPE GR Equity,PVA TEPLA AG,3.5926
QTWO US Equity,Q2 HOLDINGS INC,6.3379
QADB US Equity,QAD INC-B,3.8852
QBNK SS Equity,QBNK HOLDING AB,1.6578
QRVO US Equity,QORVO INC,5.7215
QPR1V FH Equity,QPR SOFTWARE OYJ,9.5882
QTCOM FH Equity,QT GROUP OYJ,8.3646
QDT FP Equity,QUADIENT SA,2.5076
QCOM US Equity,QUALCOMM INC,3.1
QUAL GA Equity,QUALITY AND RELIABILITY S.A.,-1.2326
QLYS US Equity,QUALYS INC,11.2417
QGSI US Equity,QUANTGATE SYSTEMS INC, 
QUBT US Equity,QUANTUM COMPUTING INC, 
QMCO US Equity,QUANTUM CORP,-1.7015
QNC CN Equity,QUANTUM EMOTION CORP,67.3904
QTGI US Equity,QUARK TECHNOLOGY GLOBAL INC, 
QTRH CN Equity,QUARTERHILL INC,-0.0796
QUEST GA Equity,QUEST HOLDINGS SA,3.6177
QUIK US Equity,QUICKLOGIC CORP, 
QUGB US Equity,QUINTON GROUP INC, 
QUIS CN Equity,QUISITIVE TECHNOLOGY SOLUTIO, 
QUMU US Equity,QUMU CORP,-4.3481
QIS CN Equity,QUORUM INFORMATION TECH INC,9.4207
QTE FP Equity,QUOTIUM TECHNOLOGIES,6.683
RA9 GR Equity,RA-MICRO SOFTWARE AG, 
RDAR US Equity,RAADR INC,-2957.1017
RACK US Equity,RACKWISE INC, 
VCTL US Equity,RAINMAKER SYSTEMS INC,-16.9039
RWWI US Equity,RAND WORLDWIDE INC,4.2432
RPLAN SS Equity,RANPLAN GROUP AB, 
RPD US Equity,RAPID7 INC,1.5104
RPDT US Equity,RAPIDTRON INC,-36.2615
RAYB SS Equity,RAYSEARCH LABORATORIES AB, 
1337 HK Equity,RAZER INC,5.6875
RCMT US Equity,RCM TECHNOLOGIES INC,3.0547
REAL CN Equity,REAL MATTERS INC,12.6343
REALFI SS Equity,REALFICTION HOLDING AB, 
RNWK US Equity,REALNETWORKS INC,-6.9321
RP US Equity,REALPAGE INC,5.0157
RTC GR Equity,REALTECH AG,2.9349
RBTI US Equity,RED BRANCH TECHNOLOGIES INC, 
RHT US Equity,RED HAT INC,7.4298
RDVT US Equity,RED VIOLET INC, 
RCN LN Equity,REDCENTRIC PLC,4.3807
RDFY US Equity,REDIFY GROUP INC, 
RDL CN Equity,REDLINE COMMUNICATIONS GROUP,-5.4459
RLBY US Equity,RELIABILITY INC, 
RMTD US Equity,REMOTE DYNAMICS INC, 
IOTS US Equity,RENESAS DESIGN US INC,-0.1833
RW CN Equity,RENOWORKS SOFTWARE INC,-6.0373
REY IM Equity,REPLY SPA,5.9353
TRAK US Equity,REPOSITRAK INC,12.6567
RESN US Equity,RESONANT INC,18.3366
RST LN Equity,RESTORE PLC,4.4546
RVS AU Equity,REVASUM INC-CDI, 
REVO CN Equity,REVOLUGROUP CANADA INC, 
RIB GR Equity,RIB SOFTWARE SE,9.2425
RBBN US Equity,RIBBON COMMUNICATIONS INC,-3.7124
ALRIB FP Equity,RIBER SA,4.5946
RELL US Equity,RICHARDSON ELEC LTD,5.403
RMNI US Equity,RIMINI STREET INC,-3.1992
RNG US Equity,RINGCENTRAL INC-CLASS A,9.3312
RIBP US Equity,RISB PROPERTIES INC, 
RIVF US Equity,RIVULET ENTERTAINMENT INC,-2216.3483
RBSY US Equity,ROBOSERVER SYSTEMS CORP, 
RBT SM Equity,ROBOT SA, 
RCTY US Equity,ROCKET CITY ENTERPRISES INC, 
ROFO US Equity,ROCKFORD CORPORATION,0.2612
ROKK US Equity,ROKK3R INC, 
ROOD NA Equity,ROODMICROTEC NETHERLANDS BV,-0.1023
RTNB US Equity,ROOT9B HOLDINGS INC, 
RST US Equity,ROSETTA STONE INC,-0.5261
RDT LN Equity,ROSSLYN DATA TECHNOLOGIES PL,-10.1058
RCHN US Equity,ROUCHON INDUSTRIES INC, 
ROI CN Equity,ROUTE1 INC,-1.2176
ROV DC Equity,ROVSING A/S,0.6264
RTX DC Equity,RTX A/S,11.0539
R1B GR Equity,RUBEAN AG,4.1366
RBCN US Equity,RUBICON TECHNOLOGY INC, 
RTEC US Equity,RUDOLPH TECHNOLOGIES INC,10.4225
RVYL US Equity,RYVYL INC, 
SOI FP Equity,S.O.I.T.E.C.,5.206
SBIO CN Equity,SABIO HOLDINGS INC, 
SFTR SS Equity,SAFETURE AB,-6.233
SGE LN Equity,SAGE GROUP PLC/THE,5.6723
2542797D US Equity,SAILPOINT TECHNOLOGIES HOLDI,14.3596
CRM US Equity,SALESFORCE INC,6.5646
SLNM US Equity,SALON MEDIA GROUP INC, 
2193642D LN Equity,SANDERSON GROUP PLC,4.5966
STC CN Equity,SANGOMA TECHNOLOGIES CORP,3.3325
SANM US Equity,SANMINA CORP,1.0694
STR/H CN Equity,SANTA ROSA RESOURCES CORP, 
SANT US Equity,SANTEON GROUP INC,5.4997
SAP GR Equity,SAP SE,8.3847
SAHN US Equity,SAUDI AMERICAN HOLDINGS CORP, 
SVDN US Equity,SAVDEN GROUP CORP, 
SCGX US Equity,SAXON CAPITAL GROUP INC, 
MLSBT FP Equity,SBT,3.9553
SCTN US Equity,SCHIMATIC CASH TRANSACTIONS, 
SCE GR Equity,SCHWEIZER ELECTRONIC AG,2.7706
SAIC US Equity,SCIENCE APPLICATIONS INTE,6.5455
SCNTQ US Equity,SCIENT INC, 
SCIL US Equity,SCIENTIFIC LEARNING CORP,-19.9395
SSY LN Equity,SCISYS GROUP PLC,3.3569
SCOUT SS Equity,SCOUT GAMING GROUP AB,38.9558
SYPT US Equity,SCRYPT INC, 
SDL LN Equity,SDL LTD,5.5637
SEAC US Equity,SEACHANGE INTERNATIONAL INC,-0.6057
STX US Equity,SEAGATE TECHNOLOGY HOLDINGS,2.6386
9993232D US Equity,SEAGATE TECHNOLOGY ULC,4.3313
SDS SS Equity,SEAMLESS DISTRIBUTION SYSTEM, 
SLLN US Equity,SEARCHLIGHT SOLUTIONS LTD, 
SC8 GR Equity,SECANDA AG,5.0343
YSN GR Equity,SECUNET SECURITY NETWORKS AG, 
SSVC US Equity,SECURED SERVICES INC, 
SCWX US Equity,SECUREWORKS CORP - A,2.8156
MLSEC FP Equity,SECURINFOR, 
SLXIT DC Equity,SELUXIT A/S, 
SMTC US Equity,SEMTECH CORP,7.5005
SEND US Equity,SENDGRID INC,22.568
SENS SW Equity,SENSIRION HOLDING AG, 
SQNS US Equity,SEQUANS COMMUNICATIONS-ADR,-7.0182
SRP LN Equity,SERCO GROUP PLC,3.7247
NOW US Equity,SERVICENOW INC,8.6475
SJJ GR Equity,SERVICEWARE SE, 
SES IM Equity,SESA SPA,3.377
T3T1 GR Equity,SEVEN PRINCIPLES AG,4.0816
SBET US Equity,SHARPLINK GAMING INC, 
PIXY US Equity,SHIFTPIXY INC,-1.8826
SHOP CN Equity,SHOPIFY INC - CLASS A,63.3726
SHWK GR Equity,SHS VIVEON AG,4.4493
ALBFR FP Equity,SIDETRADE, 
SW CN Equity,SIERRA WIRELESS INC,4.2504
SIGM US Equity,SIGMA DESIGNS INC, 
SGMA US Equity,SIGMATRON INTERNATIONAL INC,2.4689
SDVI US Equity,SIGNATURE DEVICES INC, 
SIILI FH Equity,SIILI SOLUTIONS OYJ,8.7118
SLAB US Equity,SILICON LABORATORIES INC,7.4576
1919410D FP Equity,SILKAN RT, 
WAF GR Equity,SILTRONIC AG,4.3021
SIMC US Equity,SIMCLAR INC,2.8001
SIM DC Equity,SIMCORP A/S,21.4143
SIMPQ US Equity,SIMPLY INC,0.6283
SMRL US Equity,SIMTROL INC,-1097.6909
SLP US Equity,SIMULATIONS PLUS INC,24.9611
SINCH SS Equity,SINCH AB,4.8415
STTO US Equity,SITO MOBILE LTD,-14.6826
SVTLQ US Equity,SIVAULT SYSTEMS INC,-1.5604
SYTA US Equity,SIYATA MOBILE INC,2.0479
SKKY US Equity,SKKYNET CLOUD SYSTEMS INC, 
SWKS US Equity,SKYWORKS SOLUTIONS INC,17.682
SEB CN Equity,SMART EMPLOYEE BENEFITS INC,0.9333
SMRN US Equity,SMARTAG INTERNATIONAL INC, 
SMME US Equity,SMARTMETRIC INC, 
SMAR US Equity,SMARTSHEET INC-CLASS A, 
SMRT LN Equity,SMARTSPACE SOFTWARE PLC,12.3574
SMSI US Equity,SMITH MICRO SOFTWARE INC,-15.7829
CICN US Equity,SMS ALTERNATIVES INC, 
SMTX US Equity,SMTC CORPORATION,-0.6694
SMXP US Equity,SMX CORP, 
SHF GR Equity,SNP SCHNEIDER-NEUREITHER & P,3.4005
SOBR US Equity,SOBR SAFE INC,-3725.4766
MLTEA FP Equity,SOC TELECOMM ELECTRONIQUE AE, 
SPLY US Equity,SOCIALPLAY USA INC, 
SII FP Equity,SOCIETE POUR L'INFORMATIQUE,4.5383
SCKT US Equity,SOCKET MOBILE INC,-2.1768
SOA FP Equity,SODIFRANCE,2.9235
SCT LN Equity,SOFTCAT PLC,10.2499
YSFT IM Equity,SOFTEC SPA,0.8039
SOFT US Equity,SOFTECH INC,-10.1292
SYT GR Equity,SOFTING AG, 
SFT IM Equity,SOFTLAB SPA,-1.5835
SOFB SS Equity,SOFTRONIC AB-B SHS, 
SOW GR Equity,SOFTWARE AG,6.3916
SFWJ US Equity,SOFTWARE EFFECTIVE SOLUTIONS, 
SLNX US Equity,SOLANBRIDGE GROUP INC, 
SWI US Equity,SOLARWINDS CORP, 
SOLI LN Equity,SOLID STATE PLC,6.3816
SODI US Equity,SOLITRON DEVICES INC, 
SOLS US Equity,SOLLENSYS CORP, 
SOLTEQ FH Equity,SOLTEQ OYJ,3.9474
S30 FP Equity,SOLUTIONS 30 SE,4.8339
SSFT US Equity,SONASOFT CORP, 
SXHHF US Equity,SONOMAX TECHNOLOGIES INC, 
SONO US Equity,SONOS INC,4.3513
SOP FP Equity,SOPRA STERIA GROUP,3.7191
SOTH US Equity,SOUTHNET CORP, 
SPACE GA Equity,SPACE HELLAS SA TELECOMMUNIC,2.5939
SPARK DC Equity,SPARK TECHNOLOGY A/S, 
SPA US Equity,SPARTON CORP,3.3179
SPSY LN Equity,SPECTRA SYSTEMS CORP,14.315
SEV CN Equity,SPECTRA7 MICROSYSTEMS INC,-46.0911
SPTP A0 Equity,SPECTRUM TECHNOLOGIES PLC, 
SPEONE SS Equity,SPECTRUMONE AB,-4.7753
SPDC US Equity,SPEED COMMERCE INC,-16.2721
SPPH US Equity,SPENCER PHARMACEUTICAL INC,2.9661
ANY US Equity,SPHERE 3D CORP,-13.427
SPT LN Equity,SPIRENT COMMUNICATIONS PLC,7.5638
SPLK US Equity,SPLUNK INC,3.722
SPHM US Equity,SPOTLIGHT HOMES INC, 
SPSC US Equity,SPS COMMERCE INC,19.637
SPYR US Equity,SPYR INC, 
SQI FP Equity,SQLI SA-REG,2.0861
SRT LN Equity,SRT MARINE SYSTEMS PLC,4.6278
SRTI US Equity,SRTI BLOCKCHAIN GENERATION I,1.537
SSNC US Equity,SS&C TECHNOLOGIES HOLDINGS,2.7529
SSH1V FH Equity,SSH COMMUNICATIONS SECURITY, 
STJO US Equity,ST JOSEPH INC, 
STRH US Equity,STAR8 CORP, 
SRT US Equity,STARTEK INC,1.7093
STNX US Equity,STARTRONIX INTL INC, 
ARTO FP Equity,STE IND & FIN DE L'ARTOIS SA, 
STTH US Equity,STEALTH TECHNOLOGIES INC, 
STGGQ US Equity,STG GROUP INC,-7.5672
STL LN Equity,STILO INTERNATIONAL PLC,7.8691
STMPA FP Equity,STMICROELECTRONICS NV,4.2606
SOSO US Equity,STORAGE COMPUTER CORP,-98.5705
STRI US Equity,STR HOLDINGS INC, 
STRB US Equity,STRASBAUGH INC,0.2662
SSYS US Equity,STRATASYS LTD,2.0751
SVAB GR Equity,STRATEVIC FINANCE GROUP AB,-237.783
STRAX SS Equity,STRAX AB, 
STRM US Equity,STREAMLINE HEALTH SOLUTIONS,-13.1802
ALSTW FP Equity,STREAMWIDE,2.3326
STRO NO Equity,STRONGPOINT ASA,3.1865
SEVM US Equity,STS EVERMEDIA CORP, 
SHGR US Equity,SUCCESS HOLDING GROUP CORP U, 
SUIC US Equity,SUIC WORLDWIDE HOLDINGS LTD, 
SMCI US Equity,SUPER MICRO COMPUTER INC, 
SNRR US Equity,SUPER NOVA RESOURCES INC, 
SPRT US Equity,SUPPORT.COM INC,-1.2619
SSTY US Equity,SURE TRACE SECURITY CORP,-166.0857
SPRS US Equity,SURGE COMPONENTS INC, 
MNTV US Equity,SURVEYMONKEY GLOBAL INC,0.474
SDSS US Equity,SUSPECT DETECTION SYSTEMS IN, 
SMHN GR Equity,SUSS MICROTEC SE,4.4056
SYKE US Equity,SYKES ENTERPRISES INC,6.5472
SYZ CN Equity,SYLOGIST LTD,11.1074
EVOL US Equity,SYMBOLIC LOGIC INC,-0.114
SYNC US Equity,SYNACOR INC,1.175
SYNA US Equity,SYNAPTICS INC,4.2157
SNCR US Equity,SYNCHRONOSS TECHNOLOGIES INC,-0.3038
SNPS US Equity,SYNOPSYS INC,5.7384
SNNT US Equity,SYNTHONICS TECHNOLOGIES INC, 
SYSP A0 Equity,SYSMEDIA GROUP PLC, 
SYSX US Equity,SYSOREX INC, 
DATA US Equity,TABLEAU SOFTWARE INC-CL A,10.5821
TRHC US Equity,TABULA RASA HEALTHCARE INC,6.4262
TAGMB SS Equity,TAGMASTER AB, 
TAIT US Equity,TAITRON COMPONENTS INC-CL A, 
TLND US Equity,TALEND SA,6.5788
TALK SS Equity,TALKPOOL AG,2.5857
TANGI SS Equity,TANGIAMO TOUCH TECHNOLOGY AB,-2.5276
TMIX US Equity,TARSIN MOBILE INC, 
TAS IM Equity,TAS TECNOLOGIA AVANZATA,3.9801
TTCM US Equity,TAUTACHROME INC, 
TCU GR Equity,TC UNTERHALTUNGSELEKTRONIK, 
SNX US Equity,TD SYNNEX CORP,4.9593
ARX GR Equity,TDMI AG,-0.9725
TIG LN Equity,TEAM INTERNET GROUP PLC,1.6678
TECD US Equity,TECH DATA CORP,4.477
TCPW US Equity,TECH POWER INC, 
TECH LN Equity,TECHFINANCIALS INC,6.8553
TSCC US Equity,TECHNOLOGY SOLUTIONS CO,-12.6966
TECH NO Equity,TECHSTEP ASA, 
TCS CN Equity,TECSYS INC,7.9741
TEKI US Equity,TEK DIGITEL CORPORATION, 
TEK LN Equity,TEKCAPITAL PLC,21.5749
TKGL US Equity,TEKEGLDMPIRE INC, 
TLCO US Equity,TELECONNECT INC, 
TLFX US Equity,TELEFIX COMMUNICATIONS HOLDI, 
TEP FP Equity,TELEPERFORMANCE,5.9722
TLT1V FH Equity,TELESTE OYJ,4.6608
TCM LN Equity,TELIT COMMUNICATIONS LTD,2.4573
TKOI US Equity,TELKONET INC,-11.6048
TELO CN Equity,TELO GENOMICS CORP, 
TEMN SW Equity,TEMENOS AG - REG,12.7764
TENB US Equity,TENABLE HOLDINGS INC,5.8683
TENEO SS Equity,TENEO AI AB, 
TDC US Equity,TERADATA CORP,2.971
TER US Equity,TERADYNE INC,5.5823
TERN LN Equity,TERN PLC,142.5366
TESS US Equity,TESSCO TECHNOLOGIES INC,4.6574
TES FP Equity,TESSI SAS,2.4925
TXN US Equity,TEXAS INSTRUMENTS INC,15.0885
THPHF US Equity,THINKPATH INC,-15.1677
THNS US Equity,THINSPACE TECHNOLOGY INC, 
TIA LN Equity,TIALIS ESSENTIAL IT PLC.,-5.5975
TBX0 GR Equity,TICK TRADING SOFTWARE AG, 
TR1 SM Equity,TIER1 TECHNOLOGY, 
TPGR SS Equity,TIME PEOPLE GROUP AB,5.324
TIOG US Equity,TINGO GROUP INC,-0.3075
TMNA US Equity,TINGO INC, 
TTD/H CN Equity,TINKERINE STUDIOS LTD, 
TNTC US Equity,TINTIC STANDARD GOLD MINES I, 
TNTRQ US Equity,TINTRI INC,-14.1112
TITAF US Equity,TITAN TRADING ANALYTICS INC,-450.4755
TIVO US Equity,TIVO CORP,-0.4881
TLDE US Equity,TLD3 ENTERTAINMENT GROUP INC, 
TMMI US Equity,TMM INC, 
TPPM US Equity,TMPOS INC, 
TOBII SS Equity,TOBII AB,6.0798
2449548D FP Equity,TONNA ELEC,-5.0282
TONY CN Equity,TONY G CO-INVESTMENT HOLDING, 
TTZ CN Equity,TOTAL TELCOM INC,7.8079
THP CN Equity,TOTALLY HIP TECHNOLOGIES INC,-273.9065
TGHI US Equity,TOUCHPOINT GROUP HOLDINGS, 
TST LN Equity,TOUCHSTAR PLC,-0.0474
TOUCH SS Equity,TOUCHTECH AB,2.9377
MLPSH FP Equity,TPSH, 
TPTW US Equity,TPT GLOBAL TECH INC, 
TPX LN Equity,TPXIMPACT HOLDINGS PLC, 
TRCK US Equity,TRACK GROUP INC,-25.1555
TWD LN Equity,TRACKWISE DESIGNS PLC, 
TRCS LN Equity,TRACSIS PLC,9.7209
TRAK LN Equity,TRAKM8 HOLDINGS PLC,3.135
TRAK CN Equity,TRAKOPOLIS IOT CORP, 
TNLX US Equity,TRANS-LUX CORP,-5.024
TACT US Equity,TRANSACT TECHNOLOGIES INC,10.5219
EGR FP Equity,TRANSITION EVERGREEN,1.3936
TTC GR Equity,TRANSTEC AG,2.7864
TXCCQ US Equity,TRANSWITCH CORP,-63.8239
TAQR US Equity,TRAQER CORP, 
TRD LN Equity,TRIAD GROUP PLC,9.0045
TRB LN Equity,TRIBAL GROUP PLC,4.4249
TRBE CN Equity,TRIBE PROPERTY TECHNOLOGIES, 
TMXN US Equity,TRIMAX CORP, 
TMOL US Equity,TRIMOL GROUP INC, 
TPPPF US Equity,TRIPLE P N.V., 
TBRG US Equity,TRUBRIDGE INC,4.3478
TREP US Equity,TRUCEPT INC, 
TCXT CN Equity,TRUECONTEXT CORP,-2.2302
TTT CN Equity,TRUTRACE TECHNOLOGIES INC, 
TSRI US Equity,TSR INC,9.0322
TTEC US Equity,TTEC HOLDINGS INC,5.1394
ALTTI FP Equity,TTI,2.3518
TTMI US Equity,TTM TECHNOLOGIES,2.4078
TUR GR Equity,TURBON AG,1.3819
TTGI CN Equity,TURNIUM TECHNOLOGY GROUP INC, 
TBCH US Equity,TURTLE BEACH CORP,3.8915
TWLO US Equity,TWILIO INC - A,9.2635
ALTXC FP Equity,TXCOM, 
TYL US Equity,TYLER TECHNOLOGIES INC,16.2095
UBXN SW Equity,U-BLOX HOLDING AG,7.9011
UBQU US Equity,UBIQUITECH SOFTWARE CORP, 
UI US Equity,UBIQUITI INC,9.5471
UBYH US Equity,UBUYHOLDINGS INC, 
UTNT US Equity,UDATA NET CORP, 
UDSG US Equity,UDS GROUP INC, 
CFC GR Equity,UET UNITED ELECTRONIC TECHNO,0.9775
UMLS US Equity,ULTIMATE LIFESTYLE CORP, 
ULTI US Equity,ULTIMATE SOFTWARE GROUP INC,7.1894
UCTT US Equity,ULTRA CLEAN HOLDINGS INC,3.5671
MJLB US Equity,ULTRACK SYSTEMS INC, 
MLUMG FP Equity,UMALIS GROUP, 
ALUMS FP Equity,UMANIS - REG,4.1127
UNXLQ US Equity,UNI-PIXEL INC, 
UOIP US Equity,UNIFIEDONLINE INC,-596.9235
FPG FP Equity,UNION TECHNOLOGIES INFORMAT,6.5585
USRC US Equity,UNISOURCE CORP, 
UIS US Equity,UNISYS CORP,1.1403
UCSO US Equity,UNITED CONSORTIUM LTD, 
UTRX US Equity,UNITRONIX CORP, 
OLED US Equity,UNIVERSAL DISPLAY CORP,17.9444
UEIC US Equity,UNIVERSAL ELECTRONICS INC,3.6106
UNIV US Equity,UNIVERSAL INFOTAINMENT SYSTE, 
UPIN US Equity,UNIVERSAL POWER INDUSTRY COR, 
UTRK US Equity,UNIVERSAL TRACKING SOLUTIONS,2.2133
UNG LN Equity,UNIVERSE GROUP LTD,3.8718
UPDC US Equity,UPD HOLDING CORP,-2.4705
UPLD US Equity,UPLAND SOFTWARE INC,1.1234
UI CN Equity,URBANIMMERSIVE INC,-20.2206
UCBB US Equity,US-CHINA BIOMEDICAL TECHNOLO, 
USDC US Equity,USDATA CORPORATION,-11.1511
OSP2 GR Equity,USU SOFTWARE AG,7.1801
VVX US Equity,V2X INC,6.4912
VLRM PZ Equity,VALEREUM PLC, 
VLDI US Equity,VALIDIAN CORP, 
VMRI US Equity,VALMIE RESOURCES INC,169.8382
VRNS US Equity,VARONIS SYSTEMS INC, 
VAR1 GR Equity,VARTA AG,7.1726
VRTK US Equity,VARTECH SYSTEMS INC, 
VTON US Equity,VAST SOLUTIONS INC-CL B1, 
VCMP US Equity,VCAMPUS CORP,-84.8087
VCM CN Equity,VECIMA NETWORKS INC,9.0401
V3S GR Equity,VECTRON SYSTEMS AG,7.107
VECO US Equity,VEECO INSTRUMENTS INC,-0.277
VEEV US Equity,VEEVA SYSTEMS INC-CLASS A,33.3376
VENZ CN Equity,VENZEE TECHNOLOGIES INC,78.7378
ALVG FP Equity,VEOM GROUP,-0.0607
MDRX US Equity,VERADIGM INC,1.6895
VRME US Equity,VERIFYME INC,-80.6888
VMX FP Equity,VERIMATRIX SA,0.1657
VRNT US Equity,VERINT SYSTEMS INC,2.7723
VRTC US Equity,VERITEC INC,-250.5592
VERI US Equity,VERITONE INC,-1.2064
VPY CN Equity,VERSAPAY CORP,0.3148
VCSY US Equity,VERTICAL COMPUTER SYSTEMS,-264.1279
VSAT US Equity,VIASAT INC,1.9072
VIAV US Equity,VIAVI SOLUTIONS INC,-70.4313
VVDB US Equity,VIAVID BROADCASTING INC, 
VICR US Equity,VICOR CORP,38.2752
VID LN Equity,VIDENDUM PLC,5.4581
VIDE US Equity,VIDEO DISPLAY CORP,3.8273
VCTY US Equity,VIDEOLOCITY INTERNATIONAL,-63.3745
VPTV US Equity,VIDEOPROPULSION INTERACTIVE, 
IMINT SS Equity,VIDHANCE AB,7.0811
VCST US Equity,VIEWCAST.COM INC,-24.5312
VINCIT FH Equity,VINCIT OYJ,9.438
VQS CN Equity,VIQ SOLUTIONS INC,0.9158
VHC US Equity,VIRNETX HOLDING CORP, 
VRED US Equity,VIRTUAL ED LINK INC, 
VRTU US Equity,VIRTUSA CORP,4.4495
V6C GR Equity,VISCOM AG,8.7594
VSH US Equity,VISHAY INTERTECHNOLOGY INC,2.8429
ALVIV FP Equity,VISIATIV SA,2.7211
SDT FP Equity,VISIODENT SA,2.9365
VSTCQ US Equity,VISION TECHNOLOGY CORP, 
VIZG US Equity,VISIONGLOBAL CORP, 
VIS CN Equity,VISIONSTATE CORP, 
VISM US Equity,VISIUM TECHNOLOGIES INC, 
VISL US Equity,VISLINK TECHNOLOGIES INC,-13.7463
VMSI US Equity,VITA MOBILE SYSTEMS INC, 
VHI CN Equity,VITALHUB CORP,0.5135
VITB SS Equity,VITEC SOFTWARE GROUP AB-B SH,6.347
VG0K GR Equity,VIVANCO GRUPPE AG,2.2151
VMW US Equity,VMWARE LLC,4.9108
VO2 SS Equity,VO2 CAP HOLDING AB,-12.9646
VCRA US Equity,VOCERA COMMUNICATIONS INC,4.45
ALVGO FP Equity,VOGO SACA, 
VSST US Equity,VOICE ASSIST INC,-193.6712
VOIP US Equity,VOIP TALK INC, 
ALVTX FP Equity,VOLUNTIS SA, 
VXBT US Equity,VORTEX BLOCKCHAIN TECHNOLOGI, 
VJTTY US Equity,VOXELJET AG-ADR,1.5063
VOXX US Equity,VOXX INTERNATIONAL CORP,3.1098
V33 GR Equity,VTION WIRELESS TECHNOLOGY AG,3.4259
VBTC US Equity,VUBOTICS INC,-64.5782
VU FP Equity,VUSIONGROUP,2.6124
VUZI US Equity,VUZIX CORP,25.2369
WTG PZ Equity,WATCHSTONE GROUP PLC,0.2998
WAVE FP Equity,WAVESTONE,5.6209
WAYS SS Equity,WAYSTREAM GROUP AB, 
IALS US Equity,WB BURGERS ASIA INC, 
WKYN US Equity,WEBSKY INC, 
WSTEP NO Equity,WEBSTEP ASA,9.725
ALWED FP Equity,WEDIA,3.2317
WGNR US Equity,WEGENER CORP,-9.7433
WMGR US Equity,WELLNESS MATRIX GROUP INC, 
WNRC US Equity,WENR CORPORATION, 
WSTL US Equity,WESTELL TECHNOLOGIES INC-A,-4.5274
WSG LN Equity,WESTMINSTER GROUP PLC,-7.4202
WHLP PZ Equity,WHEELSURE HOLDINGS PLC,-30.6004
WTRO US Equity,WI-TRON INC,-618.4159
YTY CN Equity,WI2WI CORP, 
WTT US Equity,WIRELESS TELECOM GROUP INC,4.2106
WRMA US Equity,WIREMEDIA INC, 
WIRTEK DC Equity,WIRTEK AS, 
WIHN SW Equity,WISEKEY INTERNATIONAL HOLDIN,-6.1178
ALWIT FP Equity,WITBE.NET,1.733
WWTH US Equity,WITH INC,-154.6881
WITH FH Equity,WITHSECURE OYJ,5.1316
WMDH US Equity,WMD HOLDINGS GROUP INC, 
WNDR CN Equity,WONDERFI TECHNOLOGIES INC,-552.0525
WLGC US Equity,WORDLOGIC CORP,-1030.6027
WDAY US Equity,WORKDAY INC-CLASS A,5.0728
WK US Equity,WORKIVA INC,2.9038
WAXS US Equity,WORLD ACCESS INC,2.1079
TASY US Equity,WORLD MAP INC, 
WWRL US Equity,WORLD WIRELESS COMMUNICATION, 
ING FP Equity,WORLDLINE IGSA SA,2.8127
WMDL US Equity,WORLDMODAL NETWORK SERVICES, 
WDDD US Equity,WORLDS INC,-60.8671
WBWB US Equity,WU BA SUPERIOR PRODUCTS HOLD, 
XFAB FP Equity,X-FAB SILICON FOUNDRIES SE,4.2072
XFCH US Equity,X-FACTOR COMMUNICATIONS HOLD, 
XCLL US Equity,XCELMOBILITY INC, 
9991234D US Equity,XEROX CORP, 
XRX US Equity,XEROX HOLDINGS CORP,2.4072
XLNX US Equity,XILINX INC,6.9005
XMR SS Equity,XMREALITY AB, 
XSPT US Equity,XSPORT GLOBAL INC, 
XCOMQ US Equity,XTERA COMMUNICATIONS INC,-16.2276
XTRA CN Equity,XTRACT ONE TECHNOLOGIES INC,146.7571
YEXT US Equity,YEXT INC,7.8709
ZAGG US Equity,ZAGG INC,5.5168
ZNAE US Equity,ZANE INTERACTIVE PUBLISHING, 
ZBRA US Equity,ZEBRA TECHNOLOGIES CORP-CL A,6.831
ZDGE US Equity,ZEDGE INC-CL B,4.867
ZEN US Equity,ZENDESK INC,5.3989
ZNGYQ US Equity,ZENERGY BRANDS INC, 
ZDEC US Equity,ZENOVIA DIGITAL EXCHANGE COR, 
ZENT NO Equity,ZENTERIO AB, 
ZETA SS Equity,ZETADISPLAY AB,2.5143
ZIMCF US Equity,ZIM CORP,-17.3853
ZONE CN Equity,ZONETAIL INC, 
ZOO LN Equity,ZOO DIGITAL GROUP PLC,0.2774
ZMD/H CN Equity,ZOOMMED INC,-336.5563
ZVOI US Equity,ZOVIO INC,6.1846
ZS US Equity,ZSCALER INC,13.07
ZULU US Equity,ZULU TEK INC, 
ZUO US Equity,ZUORA INC - CLASS A,8.3459
ZVLO US Equity,ZVELO INC, 
ZYT LN Equity,ZYTRONIC PLC,18.8306
